{"userId":4779209434,"data":"{\"Version\":3,\"Items\":[[15,0,\"AmmoBox\",0],[15,1,\"Box\",0],[0,2,\"\",4,2.5,3,-11.332229614257813,2.7375106811523439,1408.7889404296876,-0.8660522699356079,-0.49995413422584536,0,-0.49995413422584536,0.8660519123077393,0,-0,0,-1.0000004768371583,0.7372549176216126,0.6078431606292725,0.364705890417099,256,1,1,0,0,0,0,0,0,0,0,1],[8,3,\"\",\"rbxassetid://105721306564535\",0,3],[0,2,\"\",4.099999904632568,0.5999999046325684,0.6000000238418579,-11.832229614257813,3.6035358905792238,1408.7889404296876,-0.8660522699356079,-0.49995413422584536,0,-0.49995413422584536,0.8660519123077393,0,-0,0,-1.0000004768371583,0.9921568632125855,0.9176470637321472,0.5529412031173706,256,1,1,0,0.4000000059604645,0,0,0,0,0,0,1],[0,1,\"\",4,0.6000000238418579,0.699999988079071,-13.451007843017579,1.407419204711914,1408.714599609375,0.9659296274185181,-0.2588047981262207,0,0.2588047981262207,0.9659296274185181,0,0,0,1,0,1,1,256,1,1,0,0,0,0,0,0,0,0,1],[0,1,\"\",4,0.6000000238418579,0.699999988079071,-13.451009750366211,1.4074186086654664,1409.8145751953126,0.836531937122345,-0.2241290956735611,0.49998047947883608,0.25881528854370119,0.9659268260002136,-0.00002991408109664917,-0.48293784260749819,0.12942761182785035,0.8660366535186768,0,1,1,256,1,1,0,0,0,0,0,0,0,0,1],[0,1,\"\",4,0.6000000238418579,0.699999988079071,-13.451009750366211,1.3074183464050294,1407.91455078125,0.9659296274185181,-0,-0.2588047981262207,0,1,-0,0.2588047981262207,0,0.9659296274185181,0,1,1,256,1,1,0,0,0,0,0,0,0,0,1],[0,1,\"\",4,0.6000000238418579,0.699999988079071,-13.451009750366211,2.207418441772461,1407.91455078125,0.9659296274185181,-0,-0.2588047981262207,0,1,-0,0.2588047981262207,0,0.9659296274185181,0,1,1,256,1,1,0,0,0,0,0,0,0,0,1],[0,1,\"\",4,0.6000000238418579,0.699999988079071,-13.451007843017579,2.207418918609619,1409.714599609375,0.8660519123077393,0,0.49995413422584536,0,1,0,-0.49995413422584536,0,0.8660519123077393,0,1,1,256,1,1,0,0,0,0,0,0,0,0,1],[0,1,\"\",4,0.6000000238418579,0.699999988079071,-13.451009750366211,2.207418441772461,1408.714599609375,1,0,0,0,1,0,0,0,1,0,1,1,256,1,1,0,0,0,0,0,0,0,0,1]]}","version":1}