{"userId":669337896,"data":"{\"Version\":3,\"Items\":[[15,0,\"Giant Box\",0],[0,1,\"\",9.100000381469727,0.5800000429153442,1.100000023841858,17.63750648498535,13.982683181762696,1423.2337646484376,1,0,0,0,1,0,0,0,1,0.9725490212440491,0.8509804010391235,0.4274509847164154,256,1,1,0,0.5,0,0,0,0,0,0,1],[0,1,\"\",0.20000004768371583,0.19999998807907105,2,13.137506484985352,13.658455848693848,1421.5513916015626,1,0,0,0,0.8660519123077393,-0.49995413422584536,0,0.49995413422584536,0.8660519123077393,0.06666667014360428,0.06666667014360428,0.06666667014360428,256,1,1,0,0,0,0,0,0,0,0,1],[0,1,\"\",0.20000004768371583,0.19999998807907105,2,13.137506484985352,13.758455276489258,1424.951416015625,1,-0,0,0,0.8660519123077393,0.49995413422584536,-0,-0.49995413422584536,0.8660519123077393,0.06666667014360428,0.06666667014360428,0.06666667014360428,256,1,1,0,0,0,0,0,0,0,0,1],[0,1,\"\",9,5,7,17.63750648498535,11.742683410644532,1423.2337646484376,1,0,0,0,1,0,0,0,1,0.6274510025978088,0.5176470875740051,0.30980393290519717,256,1,1,0,0,0,0,0,0,0,0,1],[7,5,\"\",\"rbxassetid://105721306564535\",0,3,7,7]]}","version":1}