{"userId":658930916,"data":"{\"Version\":3,\"Items\":[[15,0,\"\",0],[0,1,\"\",4,2.5,3,-37.70000076293945,3.3499999046325685,-16.174999237060548,1,0,0,0,1,0,0,0,1,0.7372549176216126,0.6078431606292725,0.364705890417099,256,1,1,0,0,0,0,0,0,0,0,1],[8,2,\"\",\"rbxassetid://75578360056104\",0,3],[0,1,\"\",4.099999904632568,0.5999999046325684,0.6000000238418579,-37.70000076293945,4.349999904632568,-16.174999237060548,1,0,0,0,1,0,0,0,1,0.9921568632125855,0.9176470637321472,0.5529412031173706,256,1,1,0,0.4000000059604645,0,0,0,0,0,0,1]]}","version":1}