{"userId":669337896,"data":"{\"Version\":3,\"Items\":[[15,0,\"\",0],[0,1,\"\",0.10000000149011612,0.8000000715255737,0.800000011920929,-12.130645751953125,10.75,1410.6224365234376,0,0,1,0,1,-0,-1,0,0,0.8745098114013672,0.8745098114013672,0.8705882430076599,1088,1,1,0,0,0,0,0,0,0,0,1],[6,2,\"\",2,\"\",\"\",0,0,0,1,1,1,1,1,1],[0,1,\"\",0.19999997317790986,3,0.6100000143051148,-11.730644226074219,6.849999904632568,1410.6224365234376,1,0,0,0,1,0,0,0,1,0.9607843160629273,0.8039215803146362,0.1882352977991104,256,1,1,0,0,0,0,0,0,0,0,1],[0,1,\"\",0.6000000238418579,1.2000000476837159,1,-12.130645751953125,8.350000381469727,1410.6224365234376,0,0,-1,0,1,0,1,0,0,0.9607843160629273,0.8039215803146362,0.1882352977991104,256,1,1,0,0,0,0,0,0,0,0,1],[6,5,\"\",4,\"\",\"\",0,0,0,1,1,1,1,1,1],[0,1,\"\",0.19999997317790986,3,0.6100000143051148,-12.530645370483399,6.849999904632568,1410.6224365234376,1,0,0,0,1,0,0,0,1,0.9607843160629273,0.8039215803146362,0.1882352977991104,256,1,1,0,0,0,0,0,0,0,0,1],[0,1,\"\",0.6000000238418579,1.2000000476837159,0.800000011920929,-12.230646133422852,5.149999618530273,1410.6224365234376,0,0,-1,0,1,0,1,0,0,0.38823530077934267,0.37254902720451357,0.3843137323856354,256,1,1,0,0,0,0,0,0,0,0,1],[6,8,\"\",4,\"\",\"\",0,0,0,1,1,1,1,1,1],[0,1,\"\",0.6000000238418579,2.5,0.11000001430511475,-12.130645751953125,6.599999904632568,1410.8724365234376,1,0,0,0,1,0,0,0,1,0.9607843160629273,0.8039215803146362,0.1882352977991104,256,1,1,0,0,0,0,0,0,0,0,1],[0,1,\"\",0.800000011920929,3.299999952316284,0.10000000149011612,-12.130645751953125,8.700000762939454,1410.6224365234376,1,0,0,0,1,0,0,0,1,0.8745098114013672,0.8745098114013672,0.8705882430076599,1088,1,1,0,0,0,0,0,0,0,0,1],[0,1,\"\",0.550000011920929,1.4000000953674317,0.30000001192092898,-12.130645751953125,7.050000190734863,1410.6224365234376,1,0,0,0,1,0,0,0,1,0.10588235408067703,0.16470588743686677,0.2078431397676468,1088,1,1,0,0,0,0,0,0,0,0,1],[0,1,\"\",0.6000000238418579,1.2000000476837159,1,-12.130645751953125,5.349999904632568,1410.6224365234376,0,0,-1,0,1,0,1,0,0,0.38823530077934267,0.37254902720451357,0.3843137323856354,256,1,1,0,0,0,0,0,0,0,0,1],[6,13,\"\",4,\"\",\"\",0,0,0,1,1,1,1,1,1],[0,1,\"\",0.6000000238418579,1.2000000476837159,0.800000011920929,-12.230646133422852,5.050000190734863,1410.6224365234376,0,0,-1,0,1,0,1,0,0,0.38823530077934267,0.37254902720451357,0.3843137323856354,256,1,1,0,0,0,0,0,0,0,0,1],[6,15,\"\",4,\"\",\"\",0,0,0,1,1,1,1,1,1],[0,1,\"\",0.6000000238418579,0.5,0.6000000238418579,-12.130645751953125,8.100000381469727,1410.6224365234376,1,0,0,0,1,0,0,0,1,0.9607843160629273,0.8039215803146362,0.1882352977991104,256,1,1,0,0,0,0,0,0,0,0,1],[0,1,\"\",0.6000000238418579,0.5,0.6100000143051148,-12.130645751953125,5.599999904632568,1410.6224365234376,1,0,0,0,1,0,0,0,1,0.9607843160629273,0.8039215803146362,0.1882352977991104,256,1,1,0,0,0,0,0,0,0,0,1]]}","version":1}