{"userId":658930916,"data":"{\"Version\":3,\"Items\":[[15,0,\"\",0],[8,0,\"face\",\"rbxassetid://13490391069\",0,5],[15,1,\"\",0],[0,3,\"\",0.05000006780028343,0.125,0.2250000536441803,0.28007742762565615,1.131207823753357,1422.439697265625,0.06635290384292603,-0.006421178579330444,-0.997775673866272,-0.35483652353286745,-0.9347633123397827,-0.017581328749656678,-0.9325709342956543,0.3552137613296509,-0.06430292129516602,0.06666667014360428,0.06666667014360428,0.06666667014360428,256,1,1,0.6000000238418579,0,0,0,0,0,0,0,1],[0,3,\"\",0.10000001639127732,0.30000001192092898,0.30000001192092898,-0.8268707990646362,1.6461882591247559,1422.1693115234376,0.0663101077079773,0.8608596324920654,-0.5045033693313599,-0.3548116683959961,-0.452225923538208,-0.818291187286377,-0.9325833320617676,0.23326468467712403,0.27545589208602908,0.9607843160629273,0.8039215803146362,0.1882352977991104,256,1,1,0,0,0,0,0,0,0,0,2],[0,3,\"\",0.09999998658895493,0.20000001788139344,0.30000001192092898,-0.7166597843170166,1.6226167678833008,1422.1861572265626,0.06635135412216187,0.9621939659118652,-0.26415935158729555,-0.3548615872859955,-0.22467851638793946,-0.9075201153755188,-0.9325613975524902,0.15395516157150269,0.32653796672821047,0.9607843160629273,0.8039215803146362,0.1882352977991104,256,1,1,0,0,0,0,0,0,0,0,1],[0,3,\"\",0.049999985843896869,0.5999999642372131,0.20000003278255464,-0.4142000377178192,1.513960838317871,1422.329345703125,0.0663101077079773,0.8608596324920654,-0.5045033693313599,-0.3548116683959961,-0.452225923538208,-0.818291187286377,-0.9325833320617676,0.23326468467712403,0.27545589208602908,0.10588235408067703,0.16470588743686677,0.2078431397676468,256,1,1,0,0,0,0,0,0,0,0,1],[0,3,\"\",0.05000006780028343,0.44999998807907107,0.2250000536441803,0.049324922263622287,1.2589529752731324,1422.375,0.0663101077079773,0.8608596324920654,-0.5045033693313599,-0.3548116683959961,-0.452225923538208,-0.818291187286377,-0.9325833320617676,0.23326468467712403,0.27545589208602908,0.06666667014360428,0.06666667014360428,0.06666667014360428,256,1,1,0.6000000238418579,0,0,0,0,0,0,0,1],[0,3,\"\",0.049999985843896869,0.5999999642372131,0.20000003278255464,-0.4142000377178192,1.513960838317871,1422.329345703125,0.0663101077079773,0.8608596324920654,-0.5045033693313599,-0.3548116683959961,-0.452225923538208,-0.818291187286377,-0.9325833320617676,0.23326468467712403,0.27545589208602908,0.10588235408067703,0.16470588743686677,0.2078431397676468,256,1,1,0,0,0,0,0,0,0,0,1],[0,3,\"\",0.049999985843896869,0.5999999642372131,0.20000003278255464,-0.4142000377178192,1.513960838317871,1422.329345703125,0.0663101077079773,0.8608596324920654,-0.5045033693313599,-0.3548116683959961,-0.452225923538208,-0.818291187286377,-0.9325833320617676,0.23326468467712403,0.27545589208602908,0.10588235408067703,0.16470588743686677,0.2078431397676468,256,1,1,0,0,0,0,0,0,0,0,1],[0,3,\"\",0.09999998658895493,0.699999988079071,0.30000001192092898,-0.3661510646343231,1.4648057222366334,1422.2711181640626,0.0663101077079773,0.8608596324920654,-0.5045033693313599,-0.3548116683959961,-0.452225923538208,-0.818291187286377,-0.9325833320617676,0.23326468467712403,0.27545589208602908,0.9607843160629273,0.8039215803146362,0.1882352977991104,256,1,1,0,0,0,0,0,0,0,0,1],[0,3,\"\",0.05000006780028343,0.17499999701976777,0.11400004476308823,0.3469032347202301,1.1638466119766236,1422.43212890625,0.0663101077079773,0.8608596324920654,-0.5045033693313599,-0.3548116683959961,-0.452225923538208,-0.818291187286377,-0.9325833320617676,0.23326468467712403,0.27545589208602908,0.06666667014360428,0.06666667014360428,0.06666667014360428,256,1,1,0.6000000238418579,0,0,0,0,0,0,0,1],[0,1,\"HumanoidRootPart\",1.0638184547424317,1.0606188774108887,0.5305761098861694,-0.4978469908237457,1.7789026498794556,1421.18896484375,0.000012755393981933594,-0.2587701976299286,0.9659388661384583,0.0000016689300537109376,0.965938925743103,0.2587701976299286,-0.9999999403953552,-0.0000016689300537109376,0.000012755393981933594,0.9372549057006836,0.7215686440467835,0.21960784494876862,1072,1,1,0,1,0,0,0,0,0,0,1],[15,1,\"\",0],[0,14,\"\",0.05000006780028343,0.125,0.2250000536441803,-1.4675418138504029,2.134145736694336,1420.5174560546876,0.12416315078735352,0.20709814131259919,0.9704090356826782,0.6236096620559692,0.7444146275520325,-0.2386583387851715,-0.7718124389648438,0.6347891092300415,-0.036719560623168948,0.06666667014360428,0.06666667014360428,0.06666667014360428,256,1,1,0.6000000238418579,0,0,0,0,0,0,0,1],[0,14,\"\",0.10000001639127732,0.30000001192092898,0.30000001192092898,-0.5062049031257629,1.441548228263855,1420.11767578125,0.12424862384796143,-0.736878514289856,0.6645090579986572,0.6235790252685547,0.5789132714271545,0.5253651738166809,-0.7718234062194824,0.34909799695014956,0.5314311981201172,0.9607843160629273,0.8039215803146362,0.1882352977991104,256,1,1,0,0,0,0,0,0,0,0,2],[0,14,\"\",0.09999998658895493,0.20000001788139344,0.30000001192092898,-0.6079679727554321,1.4881467819213868,1420.13916015625,0.12433886528015137,-0.8838489055633545,0.4509446322917938,0.6235461235046387,0.4231222867965698,0.6573870778083801,-0.7718355655670166,0.1994459480047226,0.6037310361862183,0.9607843160629273,0.8039215803146362,0.1882352977991104,256,1,1,0,0,0,0,0,0,0,0,1],[0,14,\"\",0.049999985843896869,0.5999999642372131,0.20000003278255464,-0.8860546350479126,1.627286434173584,1420.3038330078126,0.12424862384796143,-0.736878514289856,0.6645090579986572,0.6235790252685547,0.5789132714271545,0.5253651738166809,-0.7718234062194824,0.34909799695014956,0.5314311981201172,0.10588235408067703,0.16470588743686677,0.2078431397676468,256,1,1,0,0,0,0,0,0,0,0,1],[0,14,\"\",0.05000006780028343,0.44999998807907107,0.2250000536441803,-1.2714118957519532,1.9737950563430787,1420.4195556640626,0.12424862384796143,-0.736878514289856,0.6645090579986572,0.6235790252685547,0.5789132714271545,0.5253651738166809,-0.7718234062194824,0.34909799695014956,0.5314311981201172,0.06666667014360428,0.06666667014360428,0.06666667014360428,256,1,1,0.6000000238418579,0,0,0,0,0,0,0,1],[0,14,\"\",0.049999985843896869,0.5999999642372131,0.20000003278255464,-0.8860546350479126,1.627286434173584,1420.3038330078126,0.12424862384796143,-0.736878514289856,0.6645090579986572,0.6235790252685547,0.5789132714271545,0.5253651738166809,-0.7718234062194824,0.34909799695014956,0.5314311981201172,0.10588235408067703,0.16470588743686677,0.2078431397676468,256,1,1,0,0,0,0,0,0,0,0,1],[0,14,\"\",0.049999985843896869,0.5999999642372131,0.20000003278255464,-0.8860546350479126,1.627286434173584,1420.3038330078126,0.12424862384796143,-0.736878514289856,0.6645090579986572,0.6235790252685547,0.5789132714271545,0.5253651738166809,-0.7718234062194824,0.34909799695014956,0.5314311981201172,0.10588235408067703,0.16470588743686677,0.2078431397676468,256,1,1,0,0,0,0,0,0,0,0,1],[0,14,\"\",0.09999998658895493,0.699999988079071,0.30000001192092898,-0.9135892391204834,1.7029818296432496,1420.263427734375,0.12424862384796143,-0.736878514289856,0.6645090579986572,0.6235790252685547,0.5789132714271545,0.5253651738166809,-0.7718234062194824,0.34909799695014956,0.5314311981201172,0.9607843160629273,0.8039215803146362,0.1882352977991104,256,1,1,0,0,0,0,0,0,0,0,1],[0,14,\"\",0.05000006780028343,0.17499999701976777,0.11400004476308823,-1.5392370223999024,2.125131130218506,1420.49853515625,0.12424862384796143,-0.736878514289856,0.6645090579986572,0.6235790252685547,0.5789132714271545,0.5253651738166809,-0.7718234062194824,0.34909799695014956,0.5314311981201172,0.06666667014360428,0.06666667014360428,0.06666667014360428,256,1,1,0.6000000238418579,0,0,0,0,0,0,0,1]]}","version":1}