{"userId":658930916,"data":"{\"Version\":3,\"Items\":[[15,0,\"Box\",0],[15,0,\"Tiny Box\",0],[15,0,\"Stuffed Box\",0],[15,0,\"Extra Taped Box\",0],[15,0,\"\",0],[15,0,\"Giant Box\",0],[0,1,\"\",4,2.5,3,16.43750762939453,3.2226829528808595,1415.7637939453126,1,0,0,0,1,0,0,0,1,0.7372549176216126,0.6078431606292725,0.364705890417099,256,1,1,0,0,0,0,0,0,0,0,1],[8,7,\"\",\"rbxassetid://105721306564535\",0,3],[0,1,\"\",4.099999904632568,0.5999999046325684,0.6000000238418579,16.43750762939453,4.222682952880859,1415.7637939453126,1,0,0,0,1,0,0,0,1,0.9921568632125855,0.9176470637321472,0.5529412031173706,256,1,1,0,0.4000000059604645,0,0,0,0,0,0,1],[0,2,\"\",2.0999999046325685,0.2999998927116394,0.20000001788139344,16.43750762939453,7.222682476043701,1410.40380859375,1,0,0,0,1,0,0,0,1,0.9921568632125855,0.9176470637321472,0.5529412031173706,256,1,1,0,0.4000000059604645,0,0,0,0,0,0,1],[0,2,\"\",2,1,1.2999999523162842,16.43750762939453,6.8326826095581059,1410.40380859375,1,0,0,0,1,0,0,0,1,0.7372549176216126,0.6078431606292725,0.364705890417099,256,1,1,0,0,0,0,0,0,0,0,1],[8,11,\"\",\"rbxassetid://105721306564535\",0,3],[0,3,\"\",4.099999904632568,0.09999990463256836,0.8700002431869507,16.427507400512697,7.770179748535156,1416.4947509765626,1,0,0,0,0.965907096862793,-0.25888893008232119,0,0.25888893008232119,0.965907096862793,0.06666667014360428,0.06666667014360428,0.06666667014360428,256,1,1,0,0,0,0,0,0,0,0,1],[0,3,\"\",4.099999904632568,0.5999999046325684,0.6000000238418579,16.43750762939453,7.822682857513428,1415.5137939453126,1,0,0,0,1,0,0,0,1,0.9725490212440491,0.8509804010391235,0.4274509847164154,256,1,1,0,0.4000000059604645,0,0,0,0,0,0,1],[0,3,\"\",4.099999904632568,0.09999990463256836,0.8200002312660217,16.427507400512697,7.7766499519348148,1414.4688720703126,1,-0,0,0,0.9659296274185181,0.2588047981262207,-0,-0.2588047981262207,0.9659296274185181,0.06666667014360428,0.06666667014360428,0.06666667014360428,256,1,1,0,0,0,0,0,0,0,0,1],[0,3,\"\",4,2.5,3,16.43750762939453,6.822682857513428,1415.5137939453126,1,0,0,0,1,0,0,0,1,0.6274510025978088,0.5176470875740051,0.30980393290519717,256,1,1,0,0,0,0,0,0,0,0,1],[8,16,\"\",\"rbxassetid://105721306564535\",0,3],[0,4,\"\",4.099999904632568,0.5999999046325684,0.6000000238418579,16.43750762939453,14.492682456970215,1410.833740234375,0.9975615739822388,0,0.06979193538427353,0,1,0,-0.06979193538427353,0,0.9975615739822388,0.9921568632125855,0.9176470637321472,0.5529412031173706,256,1,1,0,0.4000000059604645,0,0,0,0,0,0,1],[0,4,\"\",4,2.5,3,16.43750762939453,13.522683143615723,1410.833740234375,1,0,0,0,1,0,0,0,1,0.4745098054409027,0.38823530077934267,0.21960784494876862,256,1,1,0,0,0,0,0,0,0,0,1],[8,19,\"\",\"rbxassetid://105721306564535\",0,3],[0,4,\"\",4.099999904632568,0.5999999046325684,0.6000000238418579,16.43750762939453,14.492682456970215,1410.833740234375,0.9848124980926514,-0,-0.17362114787101746,0,1,-0,0.17362114787101746,0,0.9848124980926514,0.9921568632125855,0.9176470637321472,0.5529412031173706,256,1,1,0,0.4000000059604645,0,0,0,0,0,0,1],[0,4,\"\",4.099999904632568,0.5999999046325684,0.6000000238418579,16.43750762939453,14.492682456970215,1410.833740234375,1,0,0,0,1,0,0,0,1,0.9921568632125855,0.9176470637321472,0.5529412031173706,256,1,1,0,0,0,0,0,0,0,0,1],[0,4,\"\",4.099999904632568,1.3999998569488526,0.40000003576278689,16.43750762939453,14.092682838439942,1410.833740234375,0.999386191368103,-0.0036171581596136095,-0.03484390676021576,0.006043512374162674,0.9975438714027405,0.06978347897529602,0.03450590372085571,-0.06995122134685517,0.9969534277915955,0.9921568632125855,0.9176470637321472,0.5529412031173706,256,1,1,0,0.4000000059604645,0,0,0,0,0,0,1],[15,5,\"\",0],[0,24,\"\",6,2.799999952316284,4,16.43750762939453,10.31268310546875,1416.4337158203126,1,0,0,0,1,0,0,0,1,0.6274510025978088,0.5176470875740051,0.30980393290519717,256,1,1,0,0,0,0,0,0,0,0,1],[0,24,\"\",6.150000095367432,0.8999999761581421,0.4999999701976776,16.43750762939453,11.31268310546875,1416.4337158203126,1,0,0,0,1,0,0,0,1,0.9921568632125855,0.9176470637321472,0.5529412031173706,256,1,1,0,0,0,0,0,0,0,0,1],[0,5,\"\",4,3,3,15.437507629394532,10.06268310546875,1416.4337158203126,1,0,0,0,1,0,0,0,1,0.7372549176216126,0.6078431606292725,0.364705890417099,256,1,1,0,1,0,0,0,0,0,0,1],[8,27,\"\",\"rbxassetid://105721306564535\",0,3],[0,6,\"\",9.100000381469727,0.5800000429153442,1.100000023841858,17.63750648498535,13.982683181762696,1423.2337646484376,1,0,0,0,1,0,0,0,1,0.9725490212440491,0.8509804010391235,0.4274509847164154,256,1,1,0,0.5,0,0,0,0,0,0,1],[0,6,\"\",0.20000004768371583,0.19999998807907105,2,13.137506484985352,13.658455848693848,1421.5513916015626,1,0,0,0,0.8660519123077393,-0.49995413422584536,0,0.49995413422584536,0.8660519123077393,0.06666667014360428,0.06666667014360428,0.06666667014360428,256,1,1,0,0,0,0,0,0,0,0,1],[0,6,\"\",0.20000004768371583,0.19999998807907105,2,13.137506484985352,13.758455276489258,1424.951416015625,1,-0,0,0,0.8660519123077393,0.49995413422584536,-0,-0.49995413422584536,0.8660519123077393,0.06666667014360428,0.06666667014360428,0.06666667014360428,256,1,1,0,0,0,0,0,0,0,0,1],[0,6,\"\",9,5,7,17.63750648498535,11.742683410644532,1423.2337646484376,1,0,0,0,1,0,0,0,1,0.6274510025978088,0.5176470875740051,0.30980393290519717,256,1,1,0,0,0,0,0,0,0,0,1],[7,32,\"\",\"rbxassetid://105721306564535\",0,3,7,7]]}","version":1}