{"userId":658930916,"data":"{\"Version\":3,\"Items\":[[0,0,\"\",15.700000762939454,12.899999618530274,13.700000762939454,-49.075096130371097,0.6000000238418579,1398.83984375,1,0,0,0,1,0,0,0,1,1,0,0,288,1,1,0,0.699999988079071,0,0,0,0,0,0,0],[0,0,\"2\",1.9999998807907105,1,2,-49.44285202026367,1.100000023841858,1394.888916015625,1,0,0,0,1,0,0,0,1,0.6392157077789307,0.6352941393852234,0.6470588445663452,256,1,0,0,1,0,0,0,0,0,0,1],[0,0,\"\",16.900001525878908,14.09999942779541,14.90000057220459,-49.075096130371097,0.6000000238418579,1398.83984375,1,0,0,0,1,0,0,0,1,1,0,0,288,1,1,0,0.699999988079071,0,0,0,0,0,0,0],[0,0,\"\",8.5,5.699999809265137,6.5,-49.075096130371097,0.6000000238418579,1398.83984375,1,0,0,0,1,0,0,0,1,1,1,0,288,1,1,0,0,0,0,0,0,0,0,0],[15,0,\"Boxy moment\",0],[0,0,\"\",13.900001525878907,11.09999942779541,11.90000057220459,-49.075096130371097,0.6000000238418579,1398.83984375,1,0,0,0,1,0,0,0,1,1,0,0,288,1,1,0,0.699999988079071,0,0,0,0,0,0,0],[0,0,\"\",12.100000381469727,9.299999237060547,10.100000381469727,-49.075096130371097,0.6000000238418579,1398.83984375,1,0,0,0,1,0,0,0,1,1,0.6901960968971252,0,288,1,1,0,0.5,0,0,0,0,0,0,0],[9,3,\"\",20,1,0.05740761756896973,0.05740761756896973,1,0,20],[15,5,\"\",0],[15,9,\"\",0],[0,10,\"\",4,2.5,3,-53.661903381347659,6.368413925170898,1403.5029296875,0.23927855491638184,0.8191450834274292,0.5212936401367188,-0.7746303081512451,0.48475003242492678,-0.4061592221260071,-0.5854004621505737,-0.3066246509552002,0.7505248785018921,0.7372549176216126,0.6078431606292725,0.364705890417099,256,1,1,0,0,0,0,0,0,0,0,1],[0,10,\"\",0.12999995052814485,0.05999999865889549,1.2000000476837159,-53.96218490600586,7.4507269859313969,1405.3902587890626,0.2393065094947815,-0.9700422286987305,-0.04184377193450928,-0.7745544910430908,-0.2167133092880249,0.5942233800888062,-0.5854896306991577,-0.10979136824607849,-0.8032115697860718,0.06666667014360428,0.06666667014360428,0.06666667014360428,256,1,1,0,0,0,0,0,0,0,0,1],[0,10,\"\",0.12999995052814485,0.05999999865889549,1.2000000476837159,-54.325809478759769,8.407661437988282,1403.9752197265626,0.2394787073135376,0.9700009822845459,0.041813820600509647,-0.774630069732666,0.21685326099395753,-0.5940734148025513,-0.5853190422058106,0.10987779498100281,0.8033233880996704,0.06666667014360428,0.06666667014360428,0.06666667014360428,256,1,1,0,0,0,0,0,0,0,0,1],[0,10,\"\",0.12999995052814485,0.06000006943941116,1.2000000476837159,-53.470584869384769,7.741521835327148,1405.2061767578126,0.23939967155456544,-0.4486013650894165,-0.8610718846321106,-0.7745974063873291,-0.6229578256607056,0.10919103026390076,-0.585394561290741,0.6408436298370361,-0.4966214895248413,0.06666667014360428,0.06666667014360428,0.06666667014360428,256,1,1,0,0,0,0,0,0,0,0,1],[0,10,\"\",4.099999904632568,0.5999999046325684,0.6000000238418579,-52.84282302856445,6.853285312652588,1403.1962890625,0.23927855491638184,0.8191450834274292,0.5212936401367188,-0.7746303081512451,0.48475003242492678,-0.4061592221260071,-0.5854004621505737,-0.3066246509552002,0.7505248785018921,0.9921568632125855,0.9176470637321472,0.5529412031173706,256,1,1,0,0.4000000059604645,0,0,0,0,0,0,1],[0,10,\"\",0.12999995052814485,0.06000006943941116,1.2000000476837159,-54.8171272277832,8.116629600524903,1404.1593017578126,0.23939967155456544,0.4486013650894165,0.8610718250274658,-0.7745974063873291,0.6229576468467712,-0.10919103026390076,-0.5853945016860962,-0.6408436298370361,0.4966212511062622,0.06666667014360428,0.06666667014360428,0.06666667014360428,256,1,1,0,0,0,0,0,0,0,0,1],[15,9,\"\",0],[0,17,\"\",4,2.5,3,-46.4619026184082,6.368413925170898,1392.702880859375,-0.7417445182800293,0.4212004244327545,-0.5219252109527588,-0.6506627798080444,-0.26320338249206545,0.7122938632965088,0.16264602541923524,0.8679370880126953,0.46928852796554568,0.7372549176216126,0.6078431606292725,0.364705890417099,256,1,1,0,0,0,0,0,0,0,0,1],[0,17,\"\",0.12999995052814485,0.05999999865889549,1.2000000476837159,-45.52182388305664,8.342890739440918,1392.499755859375,-0.7416144609451294,-0.10381802916526795,0.6627440452575684,-0.6507935523986816,-0.12828826904296876,-0.748337984085083,0.16271331906318665,-0.9862879514694214,0.02757638692855835,0.06666667014360428,0.06666667014360428,0.06666667014360428,256,1,1,0,0,0,0,0,0,0,0,1],[0,17,\"\",0.12999995052814485,0.05999999865889549,1.2000000476837159,-44.41305160522461,7.01663875579834,1392.2506103515626,-0.7417689561843872,0.10391977429389954,-0.6625552177429199,-0.6505831480026245,0.12839114665985108,0.7485033273696899,0.1628505289554596,0.9862638711929321,-0.027628064155578615,0.06666667014360428,0.06666667014360428,0.06666667014360428,256,1,1,0,0,0,0,0,0,0,0,1],[0,17,\"\",0.12999995052814485,0.06000006943941116,1.2000000476837159,-45.269100189208987,8.184853553771973,1393.0206298828126,-0.7416797876358032,-0.6258637309074402,0.24125826358795167,-0.6507052779197693,0.584075391292572,-0.4852200746536255,0.16276869177818299,-0.5168659687042236,-0.8404498100280762,0.06666667014360428,0.06666667014360428,0.06666667014360428,256,1,1,0,0,0,0,0,0,0,0,1],[0,17,\"\",4.099999904632568,0.5999999046325684,0.6000000238418579,-46.04054641723633,6.105199337005615,1393.57080078125,-0.7417445182800293,0.4212004244327545,-0.5219252109527588,-0.6506627798080444,-0.26320338249206545,0.7122938632965088,0.16264602541923524,0.8679370880126953,0.46928852796554568,0.9921568632125855,0.9176470637321472,0.5529412031173706,256,1,1,0,0.4000000059604645,0,0,0,0,0,0,1],[0,17,\"\",0.12999995052814485,0.06000006943941116,1.2000000476837159,-44.66604995727539,7.174655437469482,1391.7301025390626,-0.7416797876358032,0.6258637309074402,-0.24125826358795167,-0.6507052779197693,-0.5840753316879273,0.4852200746536255,0.16276869177818299,0.5168659687042236,0.8404498100280762,0.06666667014360428,0.06666667014360428,0.06666667014360428,256,1,1,0,0,0,0,0,0,0,0,1]]}","version":1}