{"userId":4779209434,"data":"{\"Version\":3,\"Items\":[[15,0,\"\",0],[0,1,\"\",4,9.899999618530274,2,-1.7072887420654297,24.450000762939454,1355.8829345703126,1,0,0,0,1,0,0,0,1,0.9960784316062927,0.9529411792755127,0.7333333492279053,256,1,1,0,0,0,0,0,0,0,0,1],[0,1,\"\",41,20,33,-0.5040512084960938,10,1362.1575927734376,1,0,0,0,1,0,0,0,1,0.1568627506494522,0.49803921580314639,0.27843138575553896,864,1,1,0,0,0,0,0,0,0,0,1],[0,1,\"\",0.10000002384185791,6,10,-21.05405044555664,13,1353.6575927734376,1,0,0,0,1,0,0,0,1,0.7686274647712708,0.1568627506494522,0.10980392247438431,288,1,1,0,0,0,0,0,0,0,0,1],[0,1,\"\",4,9.899999618530274,2,-16.70728874206543,24.450000762939454,1355.8829345703126,1,0,0,0,1,0,0,0,1,0.9960784316062927,0.9529411792755127,0.7333333492279053,256,1,1,0,0,0,0,0,0,0,0,1],[0,1,\"\",4,9.899999618530274,2,-1.7072887420654297,24.450000762939454,1365.6829833984376,1,0,0,0,1,0,0,0,1,0.9960784316062927,0.9529411792755127,0.7333333492279053,256,1,1,0,0,0,0,0,0,0,0,1],[0,1,\"\",0.10000002384185791,6,10,-21.05405044555664,13,1369.6575927734376,1,0,0,0,1,0,0,0,1,0.7686274647712708,0.1568627506494522,0.10980392247438431,288,1,1,0,0,0,0,0,0,0,0,1],[0,1,\"\",0.10000002384185791,4.800000190734863,11.300000190734864,-21.05405044555664,4.400000095367432,1363.007568359375,1,0,0,0,1,0,0,0,1,0.7686274647712708,0.1568627506494522,0.10980392247438431,288,1,1,0,0,0,0,0,0,0,0,1],[0,1,\"\",4,9.899999618530274,2,10.892711639404297,24.450000762939454,1355.8829345703126,1,0,0,0,1,0,0,0,1,0.9960784316062927,0.9529411792755127,0.7333333492279053,256,1,1,0,0,0,0,0,0,0,0,1],[0,1,\"\",40.30000305175781,0.10000002384185791,0.7999999523162842,-0.7540512084960938,20.25,1361.6575927734376,1,0,0,0,1,0,0,0,1,0.06666667014360428,0.06666667014360428,0.06666667014360428,256,1,1,0,0,0,0,0,0,0,0,1],[0,1,\"\",40.20000457763672,0.09999990463256836,2.8999998569488527,-0.6040536165237427,20.049999237060548,1361.5574951171876,1,0,0,0,1,0,0,0,1,0.9607843160629273,0.8039215803146362,0.1882352977991104,256,1,1,0,0,0,0,0,0,0,0,1],[0,1,\"\",4,9.899999618530274,2,-16.70728874206543,24.450000762939454,1365.6829833984376,1,0,0,0,1,0,0,0,1,0.9960784316062927,0.9529411792755127,0.7333333492279053,256,1,1,0,0,0,0,0,0,0,0,1],[0,1,\"\",4,9.899999618530274,2,10.892711639404297,24.450000762939454,1365.6829833984376,1,0,0,0,1,0,0,0,1,0.9960784316062927,0.9529411792755127,0.7333333492279053,256,1,1,0,0,0,0,0,0,0,0,1]]}","version":1}