{"userId":669337896,"data":"{\"Version\":3,\"Items\":[[15,0,\"Brawler\",0],[15,0,\"Lobber\",0],[15,0,\"Cutter\",0],[15,0,\"Sharp Shooter\",0],[15,0,\"Staff Wielder\",0],[15,1,\"Brawler\",0],[0,6,\"Right Arm\",0.6489999890327454,1.2979999780654908,0.6489999890327454,1.2072066068649293,2.4140000343322756,1430.5101318359376,1,0,0,0,1,0,0,0,1,0.9176470637321472,0.7215686440467835,0.572549045085907,256,1,1,0,0,0,0,0,0,0,0,1],[6,7,\"\",5,\"rbxassetid://12300894421\",\"\",0,0,0,0.6923076510429382,0.6538462042808533,0.6923076510429382,1,1,1],[0,6,\"Left Arm\",0.6489999890327454,1.2979999780654908,0.6489999890327454,1.2072066068649293,2.4140000343322756,1432.41015625,1,0,0,0,1,0,0,0,1,0.9176470637321472,0.7215686440467835,0.572549045085907,256,1,1,0,0,0,0,0,0,0,0,1],[6,9,\"\",5,\"rbxassetid://12300894421\",\"\",0,0,0,0.6923076510429382,0.6538462042808533,0.6923076510429382,1,1,1],[0,6,\"Left  Leg\",0.6489999890327454,1.2979999780654908,0.6489999890327454,1.2072066068649293,1.1490000486373902,1431.8140869140626,1,0,0,0,1,0,0,0,1,0.22745098173618318,0.4901960790157318,0.08235294371843338,256,1,1,0,0,0,0,0,0,0,0,1],[6,11,\"\",5,\"rbxassetid://12300894421\",\"\",0,0,0,0.6923076510429382,0.6538462042808533,0.6923076510429382,1,1,1],[0,6,\"Right  Leg\",0.6489999890327454,1.2979999780654908,0.6489999890327454,1.2072066068649293,1.1490000486373902,1431.162109375,1,0,0,0,1,0,0,0,1,0.22745098173618318,0.4901960790157318,0.08235294371843338,256,1,1,0,0,0,0,0,0,0,0,1],[6,13,\"\",5,\"rbxassetid://12300894421\",\"\",0,0,0,0.6923076510429382,0.6538462042808533,0.6923076510429382,1,1,1],[0,6,\"Head\",0.7979999780654907,0.7900000214576721,0.7889999747276306,1.2102065086364747,3.3929998874664308,1431.488037109375,1,0,0,0,1,0,0,0,1,0.9176470637321472,0.7215686440467835,0.572549045085907,256,1,1,0,0,0,0,0,0,0,0,1],[6,15,\"\",5,\"rbxassetid://4664309124\",\"\",0,0,0,0.6923076510429382,0.6538462042808533,0.6923076510429382,1,1,1],[0,6,\"Torso\",1.2262508869171143,1.297337293624878,0.6489948034286499,1.206639289855957,2.413607120513916,1431.4757080078126,0,0,1,0,1,-0,-1,0,0,0.4588235318660736,0,0,256,1,1,0,0,0,0,0,0,0,0,1],[6,17,\"\",5,\"rbxassetid://12300893522\",\"\",0,0,0,0.6524052023887634,0.6538462042808533,0.6923076510429382,1,1,1],[0,1,\"Right Arm\",0.8999999761581421,0.5979999899864197,0.800000011920929,1.2072066068649293,2.063999891281128,1430.5101318359376,1,0,0,0,1,0,0,0,1,1,0,0,256,1,1,0,0,0,0,0,0,0,0,1],[0,1,\"Right Arm\",0.8999999761581421,0.5979999899864197,0.800000011920929,1.2072066068649293,2.063999891281128,1432.41015625,1,0,0,0,1,0,0,0,1,1,0,0,256,1,1,0,0,0,0,0,0,0,0,1],[0,2,\"Right Arm\",0.6489999890327454,1.2979999780654908,0.6489999890327454,1.2072066068649293,2.4140000343322756,1436.5101318359376,1,0,0,0,1,0,0,0,1,0.9176470637321472,0.7215686440467835,0.572549045085907,256,1,1,0,0,0,0,0,0,0,0,1],[6,21,\"\",5,\"rbxassetid://12300894421\",\"\",0,0,0,0.6923076510429382,0.6538462042808533,0.6923076510429382,1,1,1],[0,2,\"Left Arm\",0.6489999890327454,1.2979999780654908,0.6489999890327454,1.2072066068649293,2.4140000343322756,1438.41015625,1,0,0,0,1,0,0,0,1,0.9176470637321472,0.7215686440467835,0.572549045085907,256,1,1,0,0,0,0,0,0,0,0,1],[6,23,\"\",5,\"rbxassetid://12300894421\",\"\",0,0,0,0.6923076510429382,0.6538462042808533,0.6923076510429382,1,1,1],[0,2,\"Left  Leg\",0.6489999890327454,1.2979999780654908,0.6489999890327454,1.2072066068649293,1.1490000486373902,1437.8140869140626,1,0,0,0,1,0,0,0,1,0.22745098173618318,0.4901960790157318,0.08235294371843338,256,1,1,0,0,0,0,0,0,0,0,1],[6,25,\"\",5,\"rbxassetid://12300894421\",\"\",0,0,0,0.6923076510429382,0.6538462042808533,0.6923076510429382,1,1,1],[0,2,\"Right  Leg\",0.6489999890327454,1.2979999780654908,0.6489999890327454,1.2072066068649293,1.1490000486373902,1437.162109375,1,0,0,0,1,0,0,0,1,0.22745098173618318,0.4901960790157318,0.08235294371843338,256,1,1,0,0,0,0,0,0,0,0,1],[6,27,\"\",5,\"rbxassetid://12300894421\",\"\",0,0,0,0.6923076510429382,0.6538462042808533,0.6923076510429382,1,1,1],[0,2,\"Head\",0.7979999780654907,0.7900000214576721,0.7889999747276306,1.2102065086364747,3.3929998874664308,1437.488037109375,1,0,0,0,1,0,0,0,1,0.9176470637321472,0.7215686440467835,0.572549045085907,256,1,1,0,0,0,0,0,0,0,0,1],[6,29,\"\",5,\"rbxassetid://4664309124\",\"\",0,0,0,0.6923076510429382,0.6538462042808533,0.6923076510429382,1,1,1],[0,2,\"Torso\",1.2262508869171143,1.297337293624878,0.6489948034286499,1.206639289855957,2.413607120513916,1437.4757080078126,0,0,1,0,1,-0,-1,0,0,0.6666666865348816,0,0.6666666865348816,256,1,1,0,0,0,0,0,0,0,0,1],[6,31,\"\",5,\"rbxassetid://12300893522\",\"\",0,0,0,0.6524052023887634,0.6538462042808533,0.6923076510429382,1,1,1],[0,3,\"Right Arm\",0.6489999890327454,1.2979999780654908,0.6489999890327454,1.2072066068649293,2.4140000343322756,1424.5101318359376,1,0,0,0,1,0,0,0,1,0.9176470637321472,0.7215686440467835,0.572549045085907,256,1,1,0,0,0,0,0,0,0,0,1],[6,33,\"\",5,\"rbxassetid://12300894421\",\"\",0,0,0,0.6923076510429382,0.6538462042808533,0.6923076510429382,1,1,1],[0,3,\"Left Arm\",0.6489999890327454,1.2979999780654908,0.6489999890327454,1.2072066068649293,2.4140000343322756,1426.41015625,1,0,0,0,1,0,0,0,1,0.9176470637321472,0.7215686440467835,0.572549045085907,256,1,1,0,0,0,0,0,0,0,0,1],[6,35,\"\",5,\"rbxassetid://12300894421\",\"\",0,0,0,0.6923076510429382,0.6538462042808533,0.6923076510429382,1,1,1],[0,3,\"Left  Leg\",0.6489999890327454,1.2979999780654908,0.6489999890327454,1.2072066068649293,1.1490000486373902,1425.8140869140626,1,0,0,0,1,0,0,0,1,0.22745098173618318,0.4901960790157318,0.08235294371843338,256,1,1,0,0,0,0,0,0,0,0,1],[6,37,\"\",5,\"rbxassetid://12300894421\",\"\",0,0,0,0.6923076510429382,0.6538462042808533,0.6923076510429382,1,1,1],[0,3,\"Right  Leg\",0.6489999890327454,1.2979999780654908,0.6489999890327454,1.2072066068649293,1.1490000486373902,1425.162109375,1,0,0,0,1,0,0,0,1,0.22745098173618318,0.4901960790157318,0.08235294371843338,256,1,1,0,0,0,0,0,0,0,0,1],[6,39,\"\",5,\"rbxassetid://12300894421\",\"\",0,0,0,0.6923076510429382,0.6538462042808533,0.6923076510429382,1,1,1],[0,3,\"Head\",0.7979999780654907,0.7900000214576721,0.7889999747276306,1.2102065086364747,3.3929998874664308,1425.488037109375,1,0,0,0,1,0,0,0,1,0.9176470637321472,0.7215686440467835,0.572549045085907,256,1,1,0,0,0,0,0,0,0,0,1],[6,41,\"\",5,\"rbxassetid://4664309124\",\"\",0,0,0,0.6923076510429382,0.6538462042808533,0.6923076510429382,1,1,1],[0,3,\"Torso\",1.2262508869171143,1.297337293624878,0.6489948034286499,1.206639289855957,2.413607120513916,1425.4757080078126,0,0,1,0,1,-0,-1,0,0,0.32156863808631899,0.48627451062202456,0.6823529601097107,256,1,1,0,0,0,0,0,0,0,0,1],[6,43,\"\",5,\"rbxassetid://12300893522\",\"\",0,0,0,0.6524052023887634,0.6538462042808533,0.6923076510429382,1,1,1],[0,4,\"Right  Leg\",0.6489999890327454,1.2979999780654908,0.6489999890327454,1.2072066068649293,1.1490000486373902,1428.162109375,1,0,0,0,1,0,0,0,1,0.22745098173618318,0.4901960790157318,0.08235294371843338,256,1,1,0,0,0,0,0,0,0,0,1],[6,45,\"\",5,\"rbxassetid://12300894421\",\"\",0,0,0,0.6923076510429382,0.6538462042808533,0.6923076510429382,1,1,1],[0,4,\"Left Arm\",0.6489999890327454,1.2979999780654908,0.6489999890327454,1.2072066068649293,2.4140000343322756,1429.41015625,1,0,0,0,1,0,0,0,1,0.9176470637321472,0.7215686440467835,0.572549045085907,256,1,1,0,0,0,0,0,0,0,0,1],[6,47,\"\",5,\"rbxassetid://12300894421\",\"\",0,0,0,0.6923076510429382,0.6538462042808533,0.6923076510429382,1,1,1],[0,4,\"Right Arm\",0.699999988079071,0.2979999780654907,0.699999988079071,1.2072066068649293,1.9140000343322755,1427.5101318359376,1,0,0,0,1,0,0,0,1,0.10588235408067703,0.16470588743686677,0.2078431397676468,256,1,1,0,0,0,0,0,0,0,0,1],[0,4,\"Torso\",1.2262508869171143,1.297337293624878,0.6489948034286499,1.206639289855957,2.413607120513916,1428.4757080078126,0,0,1,0,1,-0,-1,0,0,0,0.125490203499794,0.3764705955982208,256,1,1,0,0,0,0,0,0,0,0,1],[6,50,\"\",5,\"rbxassetid://12300893522\",\"\",0,0,0,0.6524052023887634,