{"userId":658930916,"data":"{\"Version\":3,\"Items\":[[0,0,\"\",4,1,2,-29.484546661376954,0,1.8814094066619874,1,0,0,0,1,0,0,0,1,0.6392157077789307,0.6352941393852234,0.6470588445663452,256,1,1,0,0,0,0,0,0,0,0,1],[0,0,\"\",4,1,2,-28.059513092041017,0,-4.431781768798828,1,0,0,0,1,0,0,0,1,0.6392157077789307,0.6352941393852234,0.6470588445663452,256,1,1,0,0,0,0,0,0,0,0,1],[0,0,\"\",4,1,2,-37.67921829223633,0,-1.659507155418396,1,0,0,0,1,0,0,0,1,0.6392157077789307,0.6352941393852234,0.6470588445663452,256,1,1,0,0,0,0,0,0,0,0,1]]}","version":1}