{"userId":658930916,"data":"{\"Version\":3,\"Items\":[[0,0,\"\",4.699998378753662,1,16.39999771118164,-621.4664306640625,2.9559531211853029,113.01597595214844,1,0,0,0,1,0,0,0,1,0.38823530077934267,0.37254902720451357,0.3843137323856354,1296,1,1,0,0,0,0,0,0,0,0,1],[0,0,\"\",46.099998474121097,1,5.099999904632568,-618.7664184570313,2.9559531211853029,77.66596984863281,1,0,0,0,1,0,0,0,1,0.38823530077934267,0.37254902720451357,0.3843137323856354,1296,1,1,0,0,0,0,0,0,0,0,1],[0,0,\"\",4.699998378753662,1,10.499998092651368,-600.9164428710938,2.9559531211853029,123.51597595214844,0,0,-1,0,1,0,1,0,0,0.38823530077934267,0.37254902720451357,0.3843137323856354,1296,1,1,0,0,0,0,0,0,0,0,1],[0,0,\"Ground\",18.460527420043947,13.355952262878418,41.14018249511719,-635.0301513671875,0.9005641937255859,127.02924346923828,1,-0,0,0,0.8660519123077393,0.49995413422584536,-0,-0.49995413422584536,0.8660519123077393,0.20392157137393952,0.5568627715110779,0.250980406999588,256,1,1,0,0,0,0,0,0,0,0,1],[0,0,\"\",4.699998378753662,1,13.599997520446778,-617.06640625,2.9559531211853029,123.51597595214844,0,0,-1,0,1,0,1,0,0,0.38823530077934267,0.37254902720451357,0.3843137323856354,1296,1,1,0,0,0,0,0,0,0,0,1],[0,0,\"Ground\",75.36052703857422,21.15595245361328,36.94017791748047,-588.18017578125,5.677976131439209,146.4700927734375,1,0,0,0,1,0,0,0,1,0.4156862795352936,0.2235294133424759,0.03529411926865578,1296,1,1,0,0,0,0,0,0,0,0,1],[0,0,\"Ground\",108.76052856445313,1.9559530019760132,121.44017791748047,-604.8801879882813,1.9779765605926514,104.2200927734375,1,0,0,0,1,0,0,0,1,0.20392157137393952,0.5568627715110779,0.250980406999588,256,1,1,0,0,0,0,0,0,0,0,1],[0,0,\"\",10.599998474121094,1,5.499998092651367,-634.2164306640625,16.855953216552736,146.76596069335938,0,0,-1,0,1,0,1,0,0,0.38823530077934267,0.37254902720451357,0.3843137323856354,1296,1,1,0,0,0,0,0,0,0,0,1],[0,0,\"Ground\",23.760528564453126,15.955952644348145,23.44017791748047,-632.3801879882813,8.97797679901123,153.2200927734375,1,0,0,0,1,0,0,0,1,0.20392157137393952,0.5568627715110779,0.250980406999588,256,1,1,0,0,0,0,0,0,0,0,1],[0,0,\"\",4.699998378753662,1,17.999998092651368,-601.7664184570313,2.9559531211853029,107.11597442626953,0,0,-1,0,1,0,1,0,0,0.38823530077934267,0.37254902720451357,0.3843137323856354,1296,1,1,0,0,0,0,0,0,0,0,1],[0,0,\"Ground\",75.76052856445313,1.2559528350830079,37.44017791748047,-588.3801879882813,16.32797622680664,146.2200927734375,1,0,0,0,1,0,0,0,1,0.20392157137393952,0.5568627715110779,0.250980406999588,256,1,1,0,0,0,0,0,0,0,0,1],[0,0,\"\",10.599998474121094,1,5.499998092651367,-634.2164306640625,2.9559531211853029,114.46597290039063,0,0,-1,0,1,0,1,0,0,0.38823530077934267,0.37254902720451357,0.3843137323856354,1296,1,1,0,0,0,0,0,0,0,0,1],[0,0,\"\",5.599998474121094,1,46.900001525878909,-608.0164184570313,16.855953216552736,149.26596069335938,0,0,-1,0,1,0,1,0,0,0.38823530077934267,0.37254902720451357,0.3843137323856354,1296,1,1,0,0,0,0,0,0,0,0,1],[0,0,\"\",4.699998378753662,1,16.39999771118164,-608.4664306640625,2.9559531211853029,117.61597442626953,1,0,0,0,1,0,0,0,1,0.38823530077934267,0.37254902720451357,0.3843137323856354,1296,1,1,0,0,0,0,0,0,0,0,1],[0,0,\"\",33.29999923706055,1,5.499998092651367,-634.2166748046875,8.630664825439454,127.2955322265625,0.000020503997802734376,-0.000005498528480529785,-1.0000001192092896,0.4999745488166809,0.8660401105880737,0.000005498528480529785,0.8660401701927185,-0.4999745488166809,0.000020503997802734376,0.38823530077934267,0.37254902720451357,0.3843137323856354,1296,1,1,0,0,0,0,0,0,0,0,1],[0,0,\"\",4.699998378753662,1,13.499998092651368,-630.2164306640625,2.9559531211853029,107.11597442626953,0,0,-1,0,1,0,1,0,0,0.38823530077934267,0.37254902720451357,0.3843137323856354,1296,1,1,0,0,0,0,0,0,0,0,1],[0,0,\"\",4.699998378753662,1,50.69999694824219,-593.4664306640625,2.9559531211853029,100.46597290039063,1,0,0,0,1,0,0,0,1,0.38823530077934267,0.37254902720451357,0.3843137323856354,1296,1,1,0,0,0,0,0,0,0,0,1]]}","version":1}