{"userId":4779209434,"data":"{\"Version\":3,\"Items\":[[15,0,\"DesertBoxes1\",0],[15,1,\"TinyCactusBox\",0],[0,2,\"\",2.0999999046325685,0.2999998927116394,0.20000001788139344,-7.185856819152832,1.6900177001953126,1349.9427490234376,0,0,1,0,1,-0,-1,0,0,0.9921568632125855,0.9176470637321472,0.5529412031173706,256,1,1,0,0.4000000059604645,0,0,0,0,0,0,1],[0,2,\"\",1.5999999046325684,0.2999998927116394,0.20000001788139344,-6.7858567237854,1.4400177001953126,1350.542724609375,0,0,1,-1,0,0,0,-1,0,0.06666667014360428,0.06666667014360428,0.06666667014360428,256,1,1,0,0,0,0,0,0,0,0,1],[0,2,\"\",1.5999999046325684,0.2999998927116394,0.20000001788139344,-7.5858564376831059,1.4400177001953126,1350.542724609375,0,0,1,-1,0,0,0,-1,0,0.06666667014360428,0.06666667014360428,0.06666667014360428,256,1,1,0,0,0,0,0,0,0,0,1],[0,2,\"\",1.5999999046325684,0.2999998927116394,0.20000001788139344,-7.5858564376831059,1.4400177001953126,1349.9427490234376,0,0,1,-1,0,0,0,-1,0,0.06666667014360428,0.06666667014360428,0.06666667014360428,256,1,1,0,0,0,0,0,0,0,0,1],[0,2,\"\",1.5999999046325684,0.2999998927116394,0.20000001788139344,-7.485857009887695,1.4400177001953126,1349.4427490234376,-0.000022411346435546876,0.000017195940017700197,1,-0.9659123420715332,-0.2588694095611572,-0.000017195940017700197,0.2588694095611572,-0.9659123420715332,0.000022411346435546876,0.06666667014360428,0.06666667014360428,0.06666667014360428,256,1,1,0,0,0,0,0,0,0,0,1],[0,2,\"\",1.5999999046325684,0.2999998927116394,0.20000001788139344,-6.7858567237854,1.4400177001953126,1349.9427490234376,0,0,1,-1,0,0,0,-1,0,0.06666667014360428,0.06666667014360428,0.06666667014360428,256,1,1,0,0,0,0,0,0,0,0,1],[0,2,\"\",1.5999999046325684,0.2999998927116394,0.20000001788139344,-6.7858567237854,1.4400177001953126,1349.4427490234376,-0.000022411346435546876,0.000017195940017700197,1,-0.9659123420715332,-0.2588694095611572,-0.000017195940017700197,0.2588694095611572,-0.9659123420715332,0.000022411346435546876,0.06666667014360428,0.06666667014360428,0.06666667014360428,256,1,1,0,0,0,0,0,0,0,0,1],[0,2,\"\",2,1,1.2999999523162842,-7.185856819152832,1.300018310546875,1349.9427490234376,0,0,1,0,1,-0,-1,0,0,0.35686275362968447,0.6039215922355652,0.2980392277240753,256,1,1,0,0,0,0,0,0,0,0,1],[8,10,\"\",\"rbxassetid://105721306564535\",0,3],[15,1,\"Box\",0],[0,12,\"\",4,2.5,3,3.9141433238983156,2.050018310546875,1349.0428466796876,0,0,1,0,1,-0,-1,0,0,0.9725490212440491,0.8509804010391235,0.4274509847164154,800,1,1,0,0,0,0,0,0,0,0,1],[8,13,\"\",\"rbxassetid://105721306564535\",0.5,3],[0,12,\"\",4.099999904632568,0.5999999046325684,0.6000000238418579,3.9141433238983156,3.050018310546875,1349.0428466796876,0,0,1,0,1,-0,-1,0,0,0.9921568632125855,0.9176470637321472,0.5529412031173706,800,1,1,0,0,0,0,0,0,0,0,1],[15,1,\"\",0],[0,16,\"\",0.10000014305114746,0.10000002384185791,4.199999809265137,-4.635856628417969,6.75001859664917,1349.0428466796876,1,0,0,0,1,0,0,0,1,0.06666667014360428,0.06666667014360428,0.06666667014360428,256,1,1,0,0,0,0,0,0,0,0,1],[0,16,\"\",0.10000014305114746,0.10000002384185791,4.199999809265137,-4.635856628417969,9.350018501281739,1349.0428466796876,1,0,0,0,1,0,0,0,1,0.06666667014360428,0.06666667014360428,0.06666667014360428,256,1,1,0,0,0,0,0,0,0,0,1],[0,16,\"\",4,2.5,3,-4.685856819152832,8.050018310546875,1349.0428466796876,0,0,1,0,1,-0,-1,0,0,0.7372549176216126,0.6078431606292725,0.364705890417099,256,1,1,0,0,0,0,0,0,0,0,1],[8,19,\"\",\"rbxassetid://105721306564535\",0,3],[0,16,\"\",0.10000014305114746,2.6999998092651369,0.09999990463256836,-4.635856628417969,8.050018310546875,1351.0928955078126,1,0,0,0,1,0,0,0,1,0.06666667014360428,0.06666667014360428,0.06666667014360428,256,1,1,0,0,0,0,0,0,0,0,1],[0,16,\"\",0.10000014305114746,2.6999998092651369,0.09999990463256836,-4.635856628417969,8.050018310546875,1346.992919921875,1,0,0,0,1,0,0,0,1,0.06666667014360428,0.06666667014360428,0.06666667014360428,256,1,1,0,0,0,0,0,0,0,0,1],[0,16,\"\",3.000000238418579,3,3,-4.7858567237854,15.700017929077149,1349.1429443359376,1,0,0,0,1,0,0,0,1,1,0,0,256,1,1,0,0,0,0,0,0,0,0,1],[6,23,\"\",3,\"\",\"\",0,0,0,2,2,2,1,1,1],[0,16,\"\",0.10000014305114746,7.5,0.09999990463256836,-4.635856628417969,13.050018310546875,1349.0928955078126,1,0,0,0,1,0,0,0,1,0.06666667014360428,0.06666667014360428,0.06666667014360428,256,1,1,0,0,0,0,0,0,0,0,1],[15,1,\"\",0],[0,26,\"\",4,2.5,3,-0.1858566403388977,2.050018310546875,1349.0428466796876,0,0,1,0,1,-0,-1,0,0,0.7372549176216126,0.6078431606292725,0.364705890417099,256,1,1,0,0,0,0,0,0,0,0,1],[8,27,\"\",\"rbxassetid://105721306564535\",0,3],[0,26,\"\",4.099999904632568,0.5999999046325684,0.6000000238418579,-0.1858566403388977,3.050018310546875,1349.0428466796876,0,0,1,0,1,-0,-1,0,0,0.9921568632125855,0.9176470637321472,0.5529412031173706,256,1,1,0,0.4000000059604645,0,0,0,0,0,0,1],[15,1,\"\",0],[0,30,\"\",4,2.5,3,-10.985857009887696,2.050018310546875,1349.0428466796876,0,0,1,0,1,-0,-1,0,0,1,0,0,288,1,1,0,0,0,0,0,0,0,0,1],[8,31,\"\",\"rbxassetid://105721306564535\",0,3],[0,30,\"\",4.099999904632568,0.5999999046325684,0.6000000238418579,-10.985857009887696,3.050018310546875,1349.0428466796876,0,0,1,0,1,-0,-1,0,0,1,1,0,288,1,1,0,0.4000000059604645,0,0,0,0,0,0,1]]}","version":1}