{"userId":669337896,"data":"{\"Version\":3,\"Items\":[[15,0,\"\",0],[0,1,\"\",0.30000001192092898,4.5,0.7999999523162842,-61.72124099731445,12.904998779296875,1446.94921875,0,-1,0,0,0,1,-1,0,0,1,0,0,272,1,1,0,0,0,0,0,0,0,0,1],[6,2,\"\",2,\"\",\"\",0,0,0,1,1,1,1,1,1],[0,1,\"\",3.1999998092651369,9.010000228881836,1,-62.35332107543945,5.00499963760376,1443.649169921875,-0.8660522699356079,0,-0.49995413422584536,0,1,0,0.49995413422584536,0,-0.8660522699356079,0.6392157077789307,0.6352941393852234,0.6470588445663452,848,1,1,0,0,0,0,0,0,0,0,1],[0,1,\"\",0.30000001192092898,4.5,1.899999976158142,-61.72124099731445,14.254999160766602,1446.94921875,0,-1,0,0,0,-1,1,0,0,1,0,0,272,1,1,0,0,0,0,0,0,0,0,1],[6,5,\"\",2,\"\",\"\",0,0,0,1,1,1,1,1,1],[15,1,\"\",0],[0,7,\"\",3.499999761581421,0.800000011920929,1.5,-59.47124099731445,6.7317914962768559,1443.0491943359376,-1,0,0,0,0.7071342468261719,-0.707079291343689,-0,-0.707079291343689,-0.7071342468261719,0.6392157077789307,0.6352941393852234,0.6470588445663452,848,1,1,0,0,0,0,0,0,0,0,1],[0,7,\"\",0.9999996423721314,7,1.5,-61.72111892700195,4.00499963760376,1442.94921875,-1,0,0,0,1,0,0,0,-1,0.6392157077789307,0.6352941393852234,0.6470588445663452,848,1,1,0,0,0,0,0,0,0,0,1],[0,7,\"\",0.9999996423721314,7,1.5,-57.22111892700195,4.00499963760376,1442.94921875,-1,0,0,0,1,0,0,0,-1,0.6392157077789307,0.6352941393852234,0.6470588445663452,848,1,1,0,0,0,0,0,0,0,0,1],[0,7,\"\",3.499999761581421,1,1.5,-59.47124099731445,7.00499963760376,1442.94921875,-1,0,0,0,1,0,0,0,-1,0.6392157077789307,0.6352941393852234,0.6470588445663452,848,1,1,0,0,0,0,0,0,0,0,1],[15,7,\"\",0],[0,12,\"\",3.499999761581421,6.799999713897705,0.10000002384185791,-59.47124099731445,4.104999542236328,1442.749267578125,-1,0,0,0,1,0,0,0,-1,0.06666667014360428,0.06666667014360428,0.06666667014360428,288,1,1,0,0,0,0,0,0,0,0,1],[0,12,\"\",3.499999761581421,6.799999713897705,0.10000002384185791,-59.47124099731445,4.104999542236328,1442.5491943359376,-1,0,0,0,1,0,0,0,-1,0.06666667014360428,0.06666667014360428,0.06666667014360428,288,1,1,0,0.6000000238418579,0,0,0,0,0,0,1],[0,12,\"\",3.499999761581421,6.799999713897705,0.10000002384185791,-59.47124099731445,4.104999542236328,1442.6492919921876,-1,0,0,0,1,0,0,0,-1,0.06666667014360428,0.06666667014360428,0.06666667014360428,288,1,1,0,0.5,0,0,0,0,0,0,1],[15,7,\"\",0],[0,16,\"\",5.199999809265137,9.010000228881836,1,-61.48723220825195,5.00499963760376,1450.077392578125,-0.8660074472427368,0,0.5000314116477966,0,1,0,-0.5000314116477966,0,-0.8660074472427368,0.6392157077789307,0.6352941393852234,0.6470588445663452,848,1,1,0,0,0,0,0,0,0,0,1],[0,16,\"\",5.199999809265137,9,1,-63.48723220825195,5.00499963760376,1446.61328125,0,0,-1,0,1,0,1,0,0,0.6392157077789307,0.6352941393852234,0.6470588445663452,848,1,1,0,0,0,0,0,0,0,0,1],[0,16,\"\",5.199999809265137,9.010000228881836,1,-55.48723220825195,5.00499963760376,1446.61328125,0,0,-1,0,1,0,1,0,0,0.6392157077789307,0.6352941393852234,0.6470588445663452,848,1,1,0,0,0,0,0,0,0,0,1],[0,16,\"\",5.199999809265137,9,1,-57.48723220825195,5.00499963760376,1450.077392578125,-0.8660522699356079,0,-0.49995413422584536,0,1,0,0.49995413422584536,0,-0.8660522699356079,0.6392157077789307,0.6352941393852234,0.6470588445663452,848,1,1,0,0,0,0,0,0,0,0,1],[0,16,\"\",3.1499998569488527,9,1,-56.59965896606445,5.00499963760376,1443.6617431640626,-0.8660074472427368,0,0.5000314116477966,0,1,0,-0.5000314116477966,0,-0.8660074472427368,0.6392157077789307,0.6352941393852234,0.6470588445663452,848,1,1,0,0,0,0,0,0,0,0,1],[0,16,\"\",3.499999761581421,3.0199999809265138,1,-59.47124099731445,8.004999160766602,1442.94921875,-1,0,0,0,1,0,0,0,-1,0.6392157077789307,0.6352941393852234,0.6470588445663452,848,1,1,0,0,0,0,0,0,0,0,1],[0,16,\"\",1.499999761581421,8,9,-59.47124099731445,7.50499963760376,1446.94921875,0,1,0,1,0,0,0,0,-1,0.6392157077789307,0.6352941393852234,0.6470588445663452,848,1,1,0,0,0,0,0,0,0,0,1],[6,23,\"\",4,\"\",\"\",0,0,0,1,1,1,1,1,1],[15,7,\"\",0],[0,25,\"\",1.499999761581421,1.2999999523162842,1,-59.47124099731445,10.154999732971192,1442.94921875,-1,0,0,0,1,0,0,0,-1,0.6392157077789307,0.6352941393852234,0.6470588445663452,848,1,1,0,0,0,0,0,0,0,0,1],[0,25,\"\",1.1999998092651368,1.3000000715255738,1,-62.35319900512695,10.154998779296875,1449.577392578125,-0.8660074472427368,0,0.5000314116477966,0,1,0,-0.5000314116477966,0,-0.8660074472427368,0.6392157077789307,0.6352941393852234,0.6470588445663452,848,1,1,0,0,0,0,0,0,0,0,1],[0,25,\"\",1.1999998092651368,1.2999999523162842,1,-62.35332107543945,10.154999732971192,1443.649169921875,-0.8660522699356079,0,-0.49995413422584536,0,1,0,0.49995413422584536,0,-0.8660522699356079,0.6392157077789307,0.6352941393852234,0.6470588445663452,848,1,1,0,0,0,0,0,0,0,0,1],[0,25,\"\",1.1999998092651368,1.2999999523162842,1,-63.48723220825195,10.154999732971192,1445.61328125,0,0,-1,0,1,0,1,0,0,0.6392157077789307,0.6352941393852234,0.6470588445663452,848,1,1,0,0,0,0,0,0,0,0,1],[0,25,\"\",1.1999998092651368,1.3000001907348633,1,-55.48723220825195,10.154998779296875,1447.61328125,0,0,-1,0,1,0,1,0,0,0.6392157077789307,0.6352941393852234,0.6470588445663452,848,1,1,0,0,0,0,0,0,0,0,1],[0,25,\"\",1.1999998092651368,1.3000001907348633,1,-58.35332107543945,10.154998779296875,1450.577392578125,-0.8660522699356079,0,-0.49995413422584536,0,1,0,0.49995413422584536,0,-0.8660522699356079,0.6392157077789307,0.6352941393852234,0.6470588445663452,848,1,1,0,0,0,0,0,0,0,0,1],[0,25,\"\",1.1499998569488526,1.3000001907348633,1,-56.59965896606445,10.154998779296875,1443.6617431640626,-0.8660074472427368,0,0.5000314116477966,0,1,0,-0.5000314116477966,0,-0.8660074472427368,0.6392157077789307,0.6352941393852234,0.6470588445663452,848,1,1,0,0,0,0,0,0,0,0,1],[0,25,\"\",1.1999998092651368,1.3000000715255738,1,-60.62126541137695,10.154998779296875,1450.577392578125,-0.8660074472427368,0,0.5000314116477966,0,1,0,-0.5000314116477966,0,-0.8660074472427368,0.6392157077789307,0.6352941393852234,0.6470588445663452,848,1,1,0,0,0,0,0,0,0,0,1],[0,25,\"\",1.1999998092651368,1.3000001907348633,1,-56.62114334106445,10.154998779296875,1449.577392578125,-0.8660522699356079,0,-0.49995413422584536,0,1,0,0.49995413422584536,0,-0.8660522699356079,0.6392157077789307,0.6352941393852234,0.6470588445663452,848,1,1,0,0,0,0,0,0,0,0,1],[0,25,\"\",1.1999998092651368,1.2999999523162842,1,-63.48723220825195,10.154999732971192,1447.61328125,0,0,-1,0,1,0,1,0,0,0.6392157077789307,0.6352941393852234,0.6470588445663452,848,1,1,0,0,0,0,0,0,0,0,1],[0,25,\"\",1.1999998092651368,1.3000001907348633,1,-55.48723220825195,10.154998779296875,1445.61328125,0,0,-1,0,1,0,1,0,0,0.6392157077789307,0.6352941393852234,0.6470588445663452,848,1,1,0,0,0,0,0,0,0,0,1],[0,1,\"\",8.5,0.6000000238418579,1,-59.47124099731445,11.004999160766602,1446.94921875,0,1,0,1,0,0,0,0,-1,0.06666667014360428,0.06666667014360428,0.06666667014360428,272,1,1,0,0,0,0,0,0,0,0,1],[6,37,\"\",4,\"\",\"\",0,0,0,1,1,1,1,1,1]]}","version":1}