{"userId":658930916,"data":"{\"Version\":3,\"Items\":[[0,0,\"\",0.09999990463256836,1.0999999046325684,3.299999237060547,19.008193969726564,5.695639610290527,1400.5718994140626,1,0,0,0,1,0,0,0,1,1,1,0,288,1,1,0,0,0,0,0,0,0,0,1],[0,0,\"\",2.40000057220459,10.299999237060547,15.40000057220459,-14.141807556152344,10.195639610290528,1395.121826171875,1,0,0,0,1,0,0,0,1,0.06666667014360428,0.06666667014360428,0.06666667014360428,256,1,1,0,0,0,0,0,0,0,0,1],[0,0,\"\",1,4.5,4.5,-15.519218444824219,3.0066614151000978,1402.806640625,0,0,-1,0,1,0,1,0,0,0.06666667014360428,0.06666667014360428,0.06666667014360428,256,1,1,0,0,0,0,0,0,0,0,2],[0,0,\"\",31.100000381469728,0.09999942779541016,16.100000381469728,-9.191807746887207,15.39564037322998,1395.1717529296876,1,0,0,0,1,0,0,0,1,0.9725490212440491,0.9725490212440491,0.9725490212440491,256,1,1,0,0,0,0,0,0,0,0,1],[0,0,\"\",4,5.099999904632568,0.10000002384185791,13.258191108703614,7.445639610290527,1403.2718505859376,1,0,0,0,1,0,0,0,1,0.06666667014360428,0.06666667014360428,0.06666667014360428,256,1,1,0,0,0,0,0,0,0,0,1],[0,0,\"1\",1.9999998807907105,1,2,-19.142854690551759,1.100000023841858,1394.888916015625,1,0,0,0,1,0,0,0,1,0.6392157077789307,0.6352941393852234,0.6470588445663452,256,1,0,0,1,0,0,0,0,0,0,1],[0,0,\"7\",1.9999998807907105,1,2,-25.44287109375,1.100000023841858,1368.7889404296876,0,0,-1,0,1,0,1,0,0,0.6392157077789307,0.6352941393852234,0.6470588445663452,256,1,0,0,1,0,0,0,0,0,0,1],[0,0,\"\",1,4.5,4.5,-15.519218444824219,3.0066614151000978,1388.20654296875,0,0,-1,0,1,0,1,0,0,0.06666667014360428,0.06666667014360428,0.06666667014360428,256,1,1,0,0,0,0,0,0,0,0,2],[0,0,\"\",33.30000305175781,7.099999904632568,16.100000381469728,2.308192491531372,8.295639991760254,1395.1717529296876,1,0,0,0,1,0,0,0,1,0.9725490212440491,0.9725490212440491,0.9725490212440491,256,1,1,0,0,0,0,0,0,0,0,1],[0,0,\"\",0.09999990463256836,4,12.899999618530274,19.008193969726564,8.645639419555664,1395.171875,1,0,0,0,1,0,0,0,1,0,1,1,256,1,1,0,0,0,0,0,0,0,0,1],[0,0,\"\",1,4.5,4.5,17.280780792236329,3.0066614151000978,1402.806640625,0,0,-1,0,1,0,1,0,0,0.06666667014360428,0.06666667014360428,0.06666667014360428,256,1,1,0,0,0,0,0,0,0,0,2],[0,0,\"\",1,4.5,4.5,17.280780792236329,3.0066614151000978,1388.20654296875,0,0,-1,0,1,0,1,0,0,0.06666667014360428,0.06666667014360428,0.06666667014360428,256,1,1,0,0,0,0,0,0,0,0,2],[0,0,\"\",20.700000762939454,10.699999809265137,16.100000381469728,-3.991807699203491,10.095640182495118,1395.1717529296876,1,0,0,0,1,0,0,0,1,0.9725490212440491,0.9725490212440491,0.9725490212440491,256,1,1,0,0,0,0,0,0,0,0,1],[0,0,\"\",0.09999990463256836,1.0999999046325684,3.299999237060547,19.008193969726564,5.695639610290527,1389.7718505859376,1,0,0,0,1,0,0,0,1,1,1,0,288,1,1,0,0,0,0,0,0,0,0,1]]}","version":1}