{"userId":669337896,"data":"{\"Version\":3,\"Items\":[[15,0,\"\",0],[15,1,\"\",0],[0,2,\"\",5.800000190734863,49,4.800000190734863,-55.06645965576172,-7.399999618530273,1379.670166015625,0.49996745586395266,-0.43309569358825686,-0.7499738335609436,0.000008717179298400879,0.8659788370132446,-0.5000805854797363,0.8660442233085632,0.2500174641609192,0.4329650402069092,0,1,1,1568,1,1,0,0,0,0,0,0,0,0,1],[6,3,\"\",3,\"\",\"\",0,0,0,1,1,1,1,1,1],[0,2,\"\",5.800000190734863,49,4.800000190734863,-55.06645965576172,-3.299999952316284,1379.670166015625,0.49995946884155276,-0,-0.8660488128662109,0,1,-0,0.8660488128662109,0,0.49995946884155276,0,1,1,1568,1,1,0,0,0,0,0,0,0,0,1],[6,5,\"\",3,\"\",\"\",0,0,0,1,1,1,1,1,1],[0,2,\"\",10.399999618530274,49,9,-55.06645965576172,-7.5,1379.670166015625,0.49995946884155276,-0,-0.8660488128662109,0,1,-0,0.8660488128662109,0,0.49995946884155276,0,1,1,1568,1,1,0,0,0,0,0,0,0,0,1],[6,7,\"\",3,\"\",\"\",0,0,0,1,1,1,1,1,1],[0,2,\"\",5.800000190734863,49,4.800000190734863,-55.06645965576172,-11.09999942779541,1379.670166015625,0.4999898076057434,0.4329864978790283,-0.7500219345092773,0.000017061829566955568,0.8660398721694946,0.49997490644454958,0.866031289100647,-0.2499951273202896,0.4330037236213684,0,1,1,1568,1,1,0,0,0,0,0,0,0,0,1],[6,9,\"\",3,\"\",\"\",0,0,0,1,1,1,1,1,1],[15,1,\"\",0],[0,11,\"\",5.400000095367432,35,4.800000190734863,-55.06645965576172,-7.399999618530273,1379.670166015625,1,0,0,0,0.8660072684288025,-0.5000314116477966,0,0.5000314116477966,0.8660072684288025,0,1,1,1568,1,1,0,0,0,0,0,0,0,0,1],[6,12,\"\",3,\"\",\"\",0,0,0,1,1,1,1,1,1],[0,11,\"\",5.400000095367432,35,4.800000190734863,-55.06645965576172,-3.299999952316284,1379.670166015625,1,0,0,0,1,0,0,0,1,0,1,1,1568,1,1,0,0,0,0,0,0,0,0,1],[6,14,\"\",3,\"\",\"\",0,0,0,1,1,1,1,1,1],[0,11,\"\",10,35,9,-55.06645965576172,-7.5,1379.670166015625,1,0,0,0,1,0,0,0,1,0,1,1,1568,1,1,0,0,0,0,0,0,0,0,1],[6,16,\"\",3,\"\",\"\",0,0,0,1,1,1,1,1,1],[0,11,\"\",5.400000095367432,35,4.800000190734863,-55.06645965576172,-11.09999942779541,1379.670166015625,1,-0,0,0,0.8660519123077393,0.49995413422584536,-0,-0.49995413422584536,0.8660519123077393,0,1,1,1568,1,1,0,0,0,0,0,0,0,0,1],[6,18,\"\",3,\"\",\"\",0,0,0,1,1,1,1,1,1],[15,1,\"\",0],[0,20,\"\",5.400000095367432,35,4.800000190734863,-55.06645965576172,-7.399999618530273,1379.670166015625,-0.8660376071929932,0.2500068247318268,0.43298524618148806,-0.000013493001461029053,0.8659940361976624,-0.5000543594360352,-0.4999796152114868,-0.4330715537071228,-0.749980092048645,0,1,1,1568,1,1,0,0,0,0,0,0,0,0,1],[6,21,\"\",3,\"\",\"\",0,0,0,1,1,1,1,1,1],[0,20,\"\",5.400000095367432,35,4.800000190734863,-55.06645965576172,-3.299999952316284,1379.670166015625,-0.8660074472427368,0,0.5000314116477966,0,1,0,-0.5000314116477966,0,-0.8660074472427368,0,1,1,1568,1,1,0,0,0,0,0,0,0,0,1],[6,23,\"\",3,\"\",\"\",0,0,0,1,1,1,1,1,1],[0,20,\"\",10,35,9,-55.06645965576172,-7.5,1379.670166015625,-0.8660074472427368,0,0.5000314116477966,0,1,0,-0.5000314116477966,0,-0.8660074472427368,0,1,1,1568,1,1,0,0,0,0,0,0,0,0,1],[6,25,\"\",3,\"\",\"\",0,0,0,1,1,1,1,1,1],[0,20,\"\",5.400000095367432,35,4.800000190734863,-55.06645965576172,-11.09999942779541,1379.670166015625,-0.8659944534301758,-0.2500068247318268,0.4330715537071228,0.000013493001461029053,0.8660371899604797,0.4999796152114868,-0.5000543594360352,0.43298524618148806,-0.749980092048645,0,1,1,1568,1,1,0,0,0,0,0,0,0,0,1],[6,27,\"\",3,\"\",\"\",0,0,0,1,1,1,1,1,1],[15,1,\"\",0],[0,29,\"\",5.400000095367432,35,4.800000190734863,-55.06645965576172,-7.399999618530273,1379.670166015625,-0.7071225643157959,-0.3535894453525543,-0.6123335361480713,0.000007033348083496094,0.8659860491752625,-0.500068187713623,0.7070910930633545,-0.35361379384994509,-0.6123558282852173,0,1,1,1568,1,1,0,0,0,0,0,0,0,0,1],[6,30,\"\",3,\"\",\"\",0,0,0,1,1,1,1,1,1],[0,29,\"\",5.400000095367432,35,4.800000190734863,-55.06645965576172,-3.299999952316284,1379.670166015625,-0.7071342468261719,0,-0.707079291343689,0,1,0,0.707079291343689,0,-0.7071342468261719,0,1,1,1568,1,1,0,0,0,0,0,0,0,0,1],[6,32,\"\",3,\"\",\"\",0,0,0,1,1,1,1,1,1],[0,29,\"\",10,35,9,-55.06645965576172,-7.5,1379.670166015625,-0.7071342468261719,0,-0.707079291343689,0,1,0,0.707079291343689,0,-0.7071342468261719,0,1,1,1568,1,1,0,0,0,0,0,0,0,0,1],[6,34,\"\",3,\"\",\"\",0,0,0,1,1,1,1,1,1],[0,29,\"\",5.400000095367432,35,4.800000190734863,-55.06645965576172,-11.09999942779541,1379.670166015625,-0.7071225643157959,0.35355985164642336,-0.612350583076477,0.000027164816856384279,0.866027295589447,0.49999672174453738,0.7070910930633545,0.3535422682762146,-0.6123970746994019,0,1,1,1568,1,1,0,0,0,0,0,0,0,0,1],[6,36,\"\",3,\"\",\"\",0,0,0,1,1,1,1,1,1],[15,1,\"\",0],[0,38,\"\",5.400000095367432,35,4.800000190734863,-55.06645965576172,-7.399999618530273,1379.670166015625,-0.00006580352783203125,-0.5000839829444885,-0.8659769892692566,-0.000017642974853515626,0.8659769296646118,-0.5000839829444885,1.0000001192092896,-0.000017642974853515626,-0.00006580352783203125,0,1,1,1568,1,1,0,0,0,0,0,0,0,0,1],[6,39,\"\",3,\"\",\"\",0,0,0,1,1,1,1,1,1],[0,38,\"\",5.400000095367432,35,4.800000190734863,-55.06645965576172,-3.299999952316284,1379.670166015625,0,0,-1,0,1,0,1,0,0,0,1,1,1568,1,1,0,0,0,0,0,0,0,0,1],[6,41,\"\",3,\"\",\"\",0,0,0,1,1,1,1,1,1],[0,38,\"\",10,35,9,-55.06645965576172,-7.5,1379.670166015625,0,0,-1,0,1,0,1,0,0,0,1,1,1568,1,1,0,0,0,0,0,0,0,0,1],[6,43,\"\",3,\"\",\"\",0,0,0,1,1,1,1,1,1],[0,38,\"\",5.400000095367432,35,4.800000190734863,-55.06645965576172,-11.09999942779541,1379.670166015625,0.000020503997802734376,0.4999745488166809,-0.8660401701927185,-0.000005498528480529785,0.8660401105880737,0.4999745488166809,1.0000001192092896,-0.000005498528480529785,0.000020503997802734376,0,1,1,1568,1,1,0,0,0,0,0,0,0,0,1],[6,45,\"\",3,\"\",\"\",0,0,0,1,1,1,1,1,1],[15,1,\"\",0],[0,47,\"\",5.800000190734863,49,4.800000190734863,-55.06645965576172,-7.399999618530273,1379.670166015625,0.8660371899604797,0.2500068247318268,0.43298524618148806,0.000013493001461029053,0.8659940361976624,-0.5000543594360352,-0.4999796152114868,0.4330715537071228,0.7499796748161316,0,1,1,1568,1,1,0,0,0,0,0,0,0,0,1],[6,48,\"\",3,\"\",\"\",0,0,0,1,1,1,1,1,1],[0,47,\"\",5.800000190734863,49,4.800000190734863,-55.06645965576172,-3.3000001907348635,1379.670166015625,0.8660519123077393,0,0.49995413422584536,0,1,0,-0.49995413422584536,0,0.8660519123077393,0,1,1,1568,1,1,0,0,0,0,0,0,0,0,1],[6,50,\"\",3,\"\",\"\",0,0,0,1,1,1,1,1,1],[0,47,\"\",10.399999618530274,49,9,-55.06645965576172,-7.5,1379.670166015625,0.8660519123077393,0,0.49995413422584536,0,1,0,-0.49995413422584536,0,0.8660519123077393,0,1,1,1568,1,1,0,0,0,0,0,0,0,0,1],[6,52,\"\",3,\"\",\"\",0,0,0,1,1,1,1,1,1],[0,47,\"\",5.800000190734863,49,4.800000190734863,-55.06645965576172,-11.099998474121094,1379.670166015625,0.8660371899604797,-0.24998679757118226,0.43299680948257449,0.00000963360071182251,0.8660371899604797,0.4999796152114868,-0.4999796152114868,-0.43299680948257449,0.750022828578949,0,1,1,1568,1,1,0,0,0,0,0,0,0,0,1],[6,54,\"\",3,\"\",\"\",0,0,0,1,1,1,1,1,1]]}","version":1}