{"userId":658930916,"data":"{\"Version\":3,\"Items\":[[15,0,\"KnifeGuy\",2],[0,1,\"HumanoidRootPart\",1.30125093460083,1.297337293624878,0.6489948034286499,-0.3775672912597656,2.413607120513916,1425.45703125,0,0,1,0,1,0,-0.9999991059303284,0,0,0.6392157077789307,0.6352941393852234,0.6470588445663452,256,1,1,0,1,0,0,0,0,0,0,1],[8,0,\"face\",\"rbxasset://textures/face.png\",0,5],[18,1,\"Stats\"],[18,1,\"Animations\"],[18,5,\"0\"],[18,5,\"4\"],[18,1,\"Upgrades\"],[18,8,\"4\"],[15,1,\"AnimSaves\",0],[18,1,\"MiscStats\"]]}","version":1}