{"userId":669337896,"data":"{\"Version\":3,\"Items\":[[0,0,\"\",26.799999237060548,3.4000000953674318,3.799999952316284,-71.68574523925781,0.6000000238418579,1394.9757080078126,0.01750171184539795,-0,-0.9998469352722168,0,1,-0,0.9998469352722168,0,0.01750171184539795,0.6666666865348816,0,0.6666666865348816,288,1,1,0,0,0,0,0,0,0,0,1],[0,0,\"\",8.19999885559082,31,8,-71.68574523925781,0.6000000238418579,1394.9757080078126,0.01750171184539795,-0,-0.9998469352722168,0,1,-0,0.9998469352722168,0,0.01750171184539795,0.6666666865348816,0,0.6666666865348816,288,1,0,0,0.5,0,0,0,0,0,0,1],[0,0,\"\",15,53.20000076293945,15,-71.68574523925781,11.700000762939454,1394.9757080078126,0.01750171184539795,-0,-0.9998469352722168,0,1,-0,0.9998469352722168,0,0.01750171184539795,0.6666666865348816,0,0.6666666865348816,288,1,0,0,0.800000011920929,0,0,0,0,0,0,1],[0,0,\"\",26.799999237060548,3.4000000953674318,3.799999952316284,-71.68574523925781,0.6000000238418579,1394.9757080078126,1,0,0,0,1,0,0,0,1,0.6666666865348816,0,0.6666666865348816,288,1,1,0,0,0,0,0,0,0,0,1],[6,1,\"\",3,\"\",\"\",0,0,0,1,1,1,1,1,1],[6,2,\"\",3,\"\",\"\",0,0,0,1,1,1,1,1,1],[6,3,\"\",3,\"\",\"\",0,0,0,1,1,1,1,1,1],[9,3,\"\",5,0.912777841091156,0.12777775526046754,1,1,0,30],[6,4,\"\",3,\"\",\"\",0,0,0,1,1,1,1,1,1]]}","version":1}