{"userId":669337896,"data":"{\"Version\":3,\"Items\":[[15,0,\"Futuristic Box\",0],[15,0,\"Clown Box\",0],[15,0,\"Big Box\",0],[15,0,\"Mecha Box\",0],[15,0,\"Shark Box\",0],[15,0,\"Dinosaur Box\",0],[15,0,\"Error Box\",0],[15,1,\"\",0],[15,8,\"\",0],[15,9,\"\",0],[15,10,\"Big Box\",0],[0,11,\"\",1.1000001430511475,0.09999996423721314,6,-4.368205547332764,3.1149649620056154,-24.83770179748535,0.02138441801071167,0.021474085748195649,0.9995408058166504,0.0006247870624065399,0.9997687935829163,-0.021492354571819307,-0.999771237373352,0.0010841041803359986,0.02136605978012085,0.9725490212440491,0.9725490212440491,0.9725490212440491,256,1,1,0,0,0,0,0,0,0,0,1],[0,11,\"\",4,3,6,-4.399315357208252,1.5653799772262574,-24.939292907714845,0.02138441801071167,0.021474085748195649,0.9995408058166504,0.0006247870624065399,0.9997687935829163,-0.021492354571819307,-0.999771237373352,0.0010841041803359986,0.02136605978012085,0.38823530077934267,0.37254902720451357,0.3843137323856354,1056,1,1,0,0,0,0,0,0,0,0,1],[8,13,\"\",\"rbxassetid://75578360056104\",0,5],[0,10,\"\",1.7899998426437379,1,2,-1.2670280933380128,-27.834911346435548,-26.74949073791504,0,1,-0,-1,0,0,0,0,1,0.38823530077934267,0.37254902720451357,0.3843137323856354,256,1,1,0,1,0,0,0,0,0,0,1],[13,15,\"\",1,0.2745097875595093,0.7591294646263123,0.9254902601242065,0.545098066329956,0.3137255012989044,0.21568629145622254,9,7],[0,10,\"\",0.09999990463256836,0.6299999356269836,3.299999952316284,-7.471280097961426,2.3981740474700929,-25.105493545532228,1,0,0,0,1,0,0,0,1,1,0,0,256,1,1,0,0,0,0,0,0,0,0,1],[15,2,\"Big Box\",0],[0,18,\"\",1.1000001430511475,0.09999996423721314,6,-5.872758865356445,3.114964008331299,-34.52537155151367,0.02138441801071167,0.021474085748195649,0.9995408058166504,0.0006247870624065399,0.9997687935829163,-0.021492354571819307,-0.999771237373352,0.0010841041803359986,0.02136605978012085,0.9725490212440491,0.9725490212440491,0.9725490212440491,256,1,1,0,0,0,0,0,0,0,0,1],[0,18,\"\",4,3,6,-5.903872489929199,1.5653799772262574,-34.626956939697269,0.02138441801071167,0.021474085748195649,0.9995408058166504,0.0006247870624065399,0.9997687935829163,-0.021492354571819307,-0.999771237373352,0.0010841041803359986,0.02136605978012085,0.4156862795352936,0.2235294133424759,0.03529411926865578,256,1,1,0,0,0,0,0,0,0,0,1],[8,20,\"\",\"rbxassetid://75578360056104\",0,5],[0,2,\"\",4,3,5,-7.229808807373047,4.410682678222656,-34.655128479003909,1,0,0,0,1,0,0,0,1,1,0,0,256,1,1,0,0,0,0,0,0,0,0,1],[0,2,\"\",4,0.800000011920929,0.7000000476837158,-7.229808807373047,2.3106822967529299,-34.80513000488281,1,0,0,0,1,0,0,0,1,1,0,0,256,1,1,0,0,0,0,0,0,0,0,1],[0,3,\"\",1.1000001430511475,0.09999996423721314,6,-5.686906814575195,3.114964008331299,-1.9635483026504517,0.02138441801071167,0.021474085748195649,0.9995408058166504,0.0006247870624065399,0.9997687935829163,-0.021492354571819307,-0.999771237373352,0.0010841041803359986,0.02136605978012085,0.9725490212440491,0.9725490212440491,0.9725490212440491,256,1,1,0,0,0,0,0,0,0,0,1],[0,3,\"\",4,3,6,-5.718016624450684,1.5653795003890992,-2.0651376247406008,0.02138441801071167,0.021474085748195649,0.9995408058166504,0.0006247870624065399,0.9997687935829163,-0.021492354571819307,-0.999771237373352,0.0010841041803359986,0.02136605978012085,0.4156862795352936,0.2235294133424759,0.03529411926865578,256,1,1,0,0,0,0,0,0,0,0,1],[8,25,\"\",\"rbxassetid://75578360056104\",0,5],[15,4,\"Futuristic Box\",0],[15,27,\"\",0],[15,28,\"\",0],[15,29,\"\",0],[15,30,\"Big Box\",0],[0,31,\"\",1.1000001430511475,0.09999996423721314,14.800000190734864,-8.621691703796387,13.263020515441895,-48.5366325378418,0.014697551727294922,-0.6917834281921387,0.721955418586731,-0.24367699027061463,0.6977858543395996,0.6735847592353821,-0.9697450399398804,-0.1858239769935608,-0.1583160161972046,0.9725490212440491,0.9725490212440491,0.9725490212440491,256,1,1,0,0,0,0,0,0,0,0,1],[0,31,\"\",4,3,14.800000190734864,-7.547969341278076,12.157094955444336,-48.34547424316406,0.014697551727294922,-0.6917834281921387,0.721955418586731,-0.24367699027061463,0.6977858543395996,0.6735847592353821,-0.9697450399398804,-0.1858239769935608,-0.1583160161972046,0.38823530077934267,0.37254902720451357,0.3843137323856354,1056,1,1,0,0,0,0,0,0,0,0,1],[8,33,\"\",\"rbxassetid://75578360056104\",0,5],[15,4,\"Futuristic Box\",0],[15,35,\"\",0],[15,36,\"\",0],[15,37,\"\",0],[15,38,\"Big Box\",0],[0,39,\"\",1.1000001430511475,0.09999996423721314,14.800000190734864,-8.621691703796387,13.074271202087403,-54.998634338378909,0.014675617218017578,-0.6918153762817383,0.7219254970550537,0.5133792161941528,0.6247850656509399,0.588290274143219,-0.8580365180969238,0.3619878888130188,0.3643326759338379,0.9725490212440491,0.9725490212440491,0.9725490212440491,256,1,1,0,0,0,0,0,0,0,0,1],[0,39,\"\",4,3,14.800000190734864,-7.547969341278076,12.157094955444336,-55.64547348022461,0.014675617218017578,-0.6918153762817383,0.7219254970550537,0.5133792161941528,0.6247850656509399,0.588290274143219,-0.8580365180969238,0.3619878888130188,0.3643326759338379,0.38823530077934267,0.37254902720451357,0.3843137323856354,1056,1,1,0,0,0,0,0,0,0,0,1],[8,41,\"\",\"rbxassetid://75578360056104\",0,5],[15,4,\"Futuristic Box\",0],[15,43,\"\",0],[15,44,\"\",0],[15,45,\"\",0],[15,46,\"Big Box\",0],[0,47,\"\",1.1000001430511475,0.09999996423721314,22.100000381469728,-3.521130323410034,8.644192695617676,-53.44637680053711,0.18269562721252442,-0.9825773239135742,0.034120142459869388,0.09463417530059815,0.05211770534515381,0.9941469430923462,-0.9786044955253601,-0.17839741706848145,0.10250699520111084,0.9725490212440491,0.9725490212440491,0.9725490212440491,256,1,1,0,0,0,0,0,0,0,0,1],[0,47,\"\",4,3,22.100000381469728,-1.9798864126205445,8.572721481323243,-53.26762771606445,0.18269562721252442,-0.9825773239135742,0.034120142459869388,0.09463417530059815,0.05211770534515381,0.9941469430923462,-0.9786044955253601,-0.17839741706848145,0.10250699520111084,0.38823530077934267,0.37254902720451357,0.3843137323856354,1056,1,1,0,0,0,0,0,0,0,0,1],[8,49,\"\",\"rbxassetid://75578360056104\",0,5],[15,4,\"Futuristic Box\",0],[15,51,\"\",0],[15,52,\"\",0],[15,53,\"\",0],[15,54,\"Big Box\",0],[0,55,\"\",1.1000001430511475,0.09999996423721314,22.100000381469728,-3.521130323410034,8.59549331665039,-48.55878448486328,0.18270576000213624,-0.9825739860534668,0.034162551164627078,-0.16190314292907716,0.004204094409942627,0.9867977499961853,-0.969745397567749,-0.1858246922492981,-0.15831375122070313,0.9725490212440491,0.9725490212440491,0.9725490212440491,256,1,1,0,0,0,0,0,0,0,0,1],[0,55,\"\",4,3,22.100000381469728,-1.9798864126205445,8.572721481323243,-48.36762619018555,0.18270576000213624,-0.9825739860534668,0.034162551164627078,-0.16190314292907716,0.004204094409942627,0.9867977499961853,-0.969745397567749,-0.1858246922492981,-0.15831375122070313,0.38823530077934267,0.37254902720451357,0.3843137323856354,1056,1,1,0,0,0,0,0,0,0,0,1],[8,57,\"\",\"rbxassetid://75578360056104\",0,5],[15,4,\"Futuristic Box\",0],[15,59,\"\",0],[15,60,\"\",0],[15,61,\"\",0],[15,62,\"Big Box\",0],[0,63,\"\",1.1000001430511475,0.09999996423721314,6,-4.368205547332764,20.414962768554689,-51.43769836425781,0.02138441801071167,0.021474085748195649,0.9995408058166504,0.0006247870624065399,0.9997687935829163,-0.021492354571819307,-0.999771237373352,0.0010841041803359986,0.02136605978012085,0.9725490212440491,0.9725490212440491,0.9725490212440491,256,1,1,0,0,0,0,0,0,0,0,1],[0,63,\"\",4,3,6,-4.399315357208252,18.865379333496095,-51.53929138183594,0.02138441801071167,0.021474085748195649,0.9995408058166504,0.0006247870624065399,0.9997687935829163,-0.021492354571819307,-0.999771237373352,0.0010841041803359986,0.02136605978012085,0.38823530077934267,0.37254902720451357,0.3843137323856354,1056,1,1,0,0,0,0,0,0,0,0,1],[8,65,\"\",\"rbxassetid://75578360056104\",0,5],[0,62,\"\",0.09999990463256836,0.6299999356269836,3.299999952316284,-7.471280097961426,19.69817352294922,-51.70549011230469,1,0,0,0,1,0,0,0,1,1,0,0,256,1,1,0,0,0,0,0,0,0,0,1],[0,5,