{"userId":658930916,"data":"{\"Version\":3,\"Items\":[[0,0,\"Path\",6.200000286102295,0.31000006198883059,30.01000213623047,-233.90005493164063,1.155013084411621,94.6445083618164,1,0,0,0,1,0,0,0,1,0.38823530077934267,0.37254902720451357,0.3843137323856354,1296,1,1,0,0,0,0,0,0,0,0,1],[0,0,\"Path\",5,13.210000038146973,5,-172.40005493164063,3.830592393875122,110.62234497070313,1,0,0,0,1,0,0,0,1,0.38823530077934267,0.37254902720451357,0.3843137323856354,1296,1,1,0,0,0,0,0,0,0,0,1],[0,0,\"Path\",65,0.31000006198883059,7,-168.0005340576172,1.155013084411621,118.53395080566406,1,0,0,0,1,0,0,0,1,0.38823530077934267,0.37254902720451357,0.3843137323856354,1296,1,1,0,0,0,0,0,0,0,0,1],[15,0,\"Mushroom\",0],[15,0,\"Mushroom\",0],[0,0,\"Ground\",173.59999084472657,1,156.8000030517578,-186.49996948242188,0.5,121.09999084472656,1,0,0,0,1,0,0,0,1,0.20392157137393952,0.5568627715110779,0.250980406999588,256,1,1,0,0,0,0,0,0,0,0,1],[0,0,\"Path\",7.1999969482421879,1.9100000858306885,23.110002517700197,-172.40005493164063,9.580592155456543,118.62234497070313,1,0,0,0,1,0,0,0,1,0.38823530077934267,0.37254902720451357,0.3843137323856354,1296,1,1,0,0,0,0,0,0,0,0,1],[15,0,\"Base\",0],[0,0,\"\",69.5,5,53,-222.14881896972657,2.500011444091797,155.22067260742188,1,0,0,0,1,0,0,0,1,0,0,1,256,1,0,0,0,0,0,0,0,0,0,1],[0,0,\"Path\",7.1999969482421879,0.31000006198883059,28.01000213623047,-172.40005493164063,1.155013084411621,77.6445083618164,1,0,0,0,1,0,0,0,1,0.38823530077934267,0.37254902720451357,0.3843137323856354,1296,1,1,0,0,0,0,0,0,0,0,1]]}","version":1}