{"userId":658930916,"data":"{\"Version\":3,\"Items\":[[0,0,\"Path\",6.200000286102295,0.31000006198883059,30.01000213623047,-239.90005493164063,1.155013084411621,94.6445083618164,1,0,0,0,1,0,0,0,1,0.38823530077934267,0.37254902720451357,0.3843137323856354,1296,1,1,0,0,0,0,0,0,0,0,1],[0,0,\"Path\",5,13.210000038146973,5,-178.40005493164063,3.830592393875122,110.62234497070313,1,0,0,0,1,0,0,0,1,0.38823530077934267,0.37254902720451357,0.3843137323856354,1296,1,1,0,0,0,0,0,0,0,0,1],[0,0,\"Path\",65,0.31000006198883059,7,-174.0005340576172,1.155013084411621,118.53395080566406,1,0,0,0,1,0,0,0,1,0.38823530077934267,0.37254902720451357,0.3843137323856354,1296,1,1,0,0,0,0,0,0,0,0,1],[15,0,\"Mushroom\",29],[15,0,\"Mushroom\",38],[0,0,\"Ground\",173.59999084472657,1,156.8000030517578,-192.49996948242188,0.5,121.09999084472656,1,0,0,0,1,0,0,0,1,0.20392157137393952,0.5568627715110779,0.250980406999588,256,1,1,0,0,0,0,0,0,0,0,1],[0,0,\"Path\",7.1999969482421879,1.9100000858306885,23.110002517700197,-178.40005493164063,9.580592155456543,118.62234497070313,1,0,0,0,1,0,0,0,1,0.38823530077934267,0.37254902720451357,0.3843137323856354,1296,1,1,0,0,0,0,0,0,0,0,1],[15,0,\"Base\",0],[0,0,\"\",69.5,5,53,-228.14881896972657,2.500011444091797,155.22067260742188,1,0,0,0,1,0,0,0,1,0,0,1,256,1,0,0,0,0,0,0,0,0,0,1],[0,0,\"Path\",7.1999969482421879,0.31000006198883059,28.01000213623047,-178.40005493164063,1.155013084411621,77.6445083618164,1,0,0,0,1,0,0,0,1,0.38823530077934267,0.37254902720451357,0.3843137323856354,1296,1,1,0,0,0,0,0,0,0,0,1],[0,0,\"Path\",83.19999694824219,0.31000006198883059,7.010002136230469,-216.40005493164063,1.155013084411621,60.144508361816409,1,0,0,0,1,0,0,0,1,0.38823530077934267,0.37254902720451357,0.3843137323856354,1296,1,1,0,0,0,0,0,0,0,0,1],[0,0,\"Path\",28.200000762939454,0.31000006198883059,7.010002136230469,-250.90005493164063,1.155013084411621,113.1445083618164,1,0,0,0,1,0,0,0,1,0.38823530077934267,0.37254902720451357,0.3843137323856354,1296,1,1,0,0,0,0,0,0,0,0,1],[0,0,\"Path\",7.200000762939453,0.31000006198883059,53.01000213623047,-261.4000549316406,1.155013084411621,83.1445083618164,1,0,0,0,1,0,0,0,1,0.38823530077934267,0.37254902720451357,0.3843137323856354,1296,1,1,0,0,0,0,0,0,0,0,1],[15,0,\"Bush\",0],[0,0,\"Path\",7.1999969482421879,0.31000006198883059,28.01000213623047,-178.40005493164063,1.155013084411621,159.64450073242188,1,0,0,0,1,0,0,0,1,0.38823530077934267,0.37254902720451357,0.3843137323856354,1296,1,1,0,0,0,0,0,0,0,0,1],[15,0,\"Mushroom\",100],[15,0,\"Mushroom\",110],[0,0,\"Path\",7.1999969482421879,2.010000228881836,19.01000213623047,-178.40005493164063,4.919189453125,99.36360168457031,1,-0,0,0,0.8660072684288025,0.5000314116477966,-0,-0.5000314116477966,0.8660072684288025,0.38823530077934267,0.37254902720451357,0.3843137323856354,1296,1,1,0,0,0,0,0,0,0,0,1],[0,0,\"Path\",30.399999618530275,0.31000006198883059,6.809999942779541,-221.6000518798828,1.155013084411621,83.04450988769531,1,0,0,0,1,0,0,0,1,0.38823530077934267,0.37254902720451357,0.3843137323856354,1296,1,1,0,0,0,0,0,0,0,0,1],[15,0,\"Mushroom\",120],[15,0,\"Mushroom\",129],[0,0,\"Path\",5,13.210000038146973,5,-178.40005493164063,3.830592393875122,126.62234497070313,1,0,0,0,1,0,0,0,1,0.38823530077934267,0.37254902720451357,0.3843137323856354,1296,1,1,0,0,0,0,0,0,0,0,1],[15,0,\"Mushroom\",138],[0,0,\"Path\",7.1999969482421879,2.4099998474121095,19.01000213623047,-178.40005493164063,4.745988368988037,137.8135223388672,-1.000000238418579,0,0,0,0.8660072684288025,0.5000314116477966,0,0.5000314116477966,-0.8660074472427368,0.38823530077934267,0.37254902720451357,0.3843137323856354,1296,1,1,0,0,0,0,0,0,0,0,1],[15,0,\"Mushroom\",147],[0,0,\"Path\",7,0.31000006198883059,36,-210.0005340576172,1.155013084411621,104.03395080566406,1,0,0,0,1,0,0,0,1,0.38823530077934267,0.37254902720451357,0.3843137323856354,1296,1,1,0,0,0,0,0,0,0,0,1],[15,0,\"Bush\",0],[15,0,\"Bush\",0],[0,4,\"\",42.893165588378909,32.940452575683597,7.804877758026123,-272.7024230957031,11.546594619750977,159.239501953125,0,0,1,-1,0,0,0,-1,0,0.9921568632125855,0.9176470637321472,0.5529412031173706,256,1,1,0,0,0,0,0,0,0,0,1],[6,29,\"\",4,\"\",\"\",0,0,0,1,1,1,1,1,1],[0,4,\"\",8.35474681854248,54.81622314453125,45.37348937988281,-273.4071044921875,30.454673767089845,158.8373565673828,0,0,1,1,0,0,0,1,0,1,0,0,256,1,1,0,0,10,10,0,0,0,0,2],[8,31,\"\",\"http://www.roblox.com/asset/?id=42740142\",0,4],[8,31,\"\",\"http://www.roblox.com/asset/?id=42740142\",0,5],[8,31,\"\",\"http://www.roblox.com/asset/?id=42740142\",0,3],[8,31,\"\",\"http://www.roblox.com/asset/?id=42740142\",0,2],[8,31,\"\",\"http://www.roblox.com/asset/?id=42740142\",0,0],[8,31,\"\",\"http://www.roblox.com/asset/?id=42740142\",0,1],[0,5,\"\",2.6003592014312746,2.6003592014312746,2.6003592014312746,-241.5529327392578,2.3001937866210939,120.66710662841797,0,1,-0,-1,0,0,0,0,1,0.9921568632125855,0.9176470637321472,0.5529412031173706,256,1,1,0,0,0,0,0,0,0,0,1],[6,38,\"\",4,\"\",\"\",0,0,0,1,1,1,1,1,1],[18,8,\"Cells\"],[15,40,\"C4,1\",0],[8,0,\"\",\"rbxassetid://2027939070\",1,2],[15,40,\"C1,2\",0],[8,0,\"\",\"rbxassetid://2027939070\",1,2],[15,40,\"C4,3\",0],[8,0,\"\",\"rbxassetid://2027939070\",1,2],[15,40,\"C4,4\",0],[8,0,\"\",\"rbxassetid://2027939070\",1,2],[15,40,\"C4,5\",0],[8,0,\"\",\"rbxassetid://2027939070\",1,2],[15,40,\"C3,3\",0],[8,0,\"\",\"rbxassetid://2027939070\",1,2],[15,40,\"C5,5\",0],[8,0,\"\",\"rbxassetid://2027939070\",1,2],[15,40,\"C5,4\",0],[8,0,\"\",\"rbxassetid://2027939070\",1,2],[15,40,\"C1,3\",0],[8,0,\"\",\"rbxassetid://2027939070\",1,2],[15,40,\"C1,1\",0],[8,0,\"\",\"rbxassetid://2027939070\",1,2],[15,40,\"C2,1\",0],[8,0,\"\",\"rbxassetid://2027939070\",1,2],[15,40,\"C2,2\",0],[8,0,\"\",\"rbxassetid://2027939070\",1,2],[15,40,\"C2,3\",0],[8,0,\"\",\"rbxassetid://2027939070\",1,2],[15,40,\"C2,4\",0],[8,0,\"\",\"rbxassetid://2027939070\",1,2],[15,40,\"C2,5\",0],[8,0,\"\",\"rbxassetid://2027939070\",1,2],[15,40,\"C1,4\",0],[8,0,\"\",\"rbxassetid://2027939070\",1,2],[15,40,\"C4,2\",0],[8,0,\"\",\"rbxassetid://2027939070\",1,2],[15,40,\"C5,3\",0],[8,0,\"\",\"rbxassetid://2027939070\",1,2],[15,40,\"C5,2\",0],[8,0,\"\",\"rbxassetid://2027939070\",1,2],[15,40,\"C1,5\",0],[8,0,\"\",\"rbxassetid://2027939070\",1,2],[15,40,\"C3,1\",0],[8,0,\"\",\"rbxassetid://2027939070\",1,2],[15,40,\"C3,2\",0],[8,0,\"\",\"rbxassetid://2027939070\",1,2],[15,40,\"C5,1\",0],[8,0,\"\",\"rbxassetid://2027939070\",1,2],[15,40,\"C3,4\",0],[8,0,\"\",\"rbxassetid://2027939070\",1,2],[15,40,\"C3,5\",0],[8,0,\"\",\"rbxassetid://2027939070\",1,2],[0,8,\"LightHolder\",0.05000000074505806,0.05000000074505806,0.05000000074505806,-139.48817443847657,13.18255615234375,118.79141235351563,0,0,1,0,1,-0,-1,0,0,0.6392157077789307,0.6352941393852234,0.6470588445663452,256,1,1,0,1,3,4,0,0,0,0,1],[10,91,\"\",3.299999952316284,1,1,1,1,0,24,90,2],[0,8,\"HiveBack\",20.69999885559082,2.200000047683716,22,-122.48837280273438,12.23294448852539,118.77377319335938,0,1,0,1,0,0,0,0,-1,1,0.6901960968971252,0,256,1,1,0,0,0,0,0,0,0,0,1],[0,0,\"PlrName\",24,4,0.10000000149011612,-123.63836669921875,23.882965087890626,118.873779296875,0,0,-1,0,1,0,1,0,0,0.6392157077789307,0.6352941393852234,0.6470588445663452,256,1,0,0,1,3,4,0,0,0,0,1],[0,8,\"Platform\",1.8200175762176514,15.647451400756836,15.506628036499024,-138.7886199951172,1.8200225830078126,118.78025817871094,0,1,0,1,0,0,0,0,-1,0.8745098114013672,0.8745098114013672,0.8705882430076599,256,1,1,0,0,0,0,0,0,0,0,2],[0,14,\"Block\",10.437992095947266,9.133243560791016,18.2664852142334,-197.79998779296876,5.566771984100342,95.239501953125,1,0,0,0,1,0,0,0,1,0.20392157137393952,0.5568627715110779,0.250980406999588,1280,1,0,0,0,0,0,0,0,0,0,1],[0,14,\"Block\",13.047490119934082,10.437992095947266,13.699862480163575,-191.27613830566407,6.219008922576904,94.91371154785156,1,0,0,0,1,0,0,0,1,0.1568627506494522,0.49803921580314639,0.27843138575553896,1280,1,0,0,0,0,0,0,0,0,0,1],[0,14,\"Block\",19.57123374938965,7.828493595123291,15.004612922668457,