{"userId":669337896,"data":"{\"Version\":3,\"Items\":[[15,0,\"Extra Taped Box\",0],[0,1,\"\",4.099999904632568,0.5999999046325684,0.6000000238418579,16.43750762939453,14.492682456970215,1410.833740234375,0.9975615739822388,0,0.06979193538427353,0,1,0,-0.06979193538427353,0,0.9975615739822388,0.9921568632125855,0.9176470637321472,0.5529412031173706,256,1,1,0,0.4000000059604645,0,0,0,0,0,0,1],[0,1,\"\",4,2.5,3,16.43750762939453,13.522683143615723,1410.833740234375,1,0,0,0,1,0,0,0,1,0.4745098054409027,0.38823530077934267,0.21960784494876862,256,1,1,0,0,0,0,0,0,0,0,1],[8,3,\"\",\"rbxassetid://105721306564535\",0,3],[0,1,\"\",4.099999904632568,0.5999999046325684,0.6000000238418579,16.43750762939453,14.492682456970215,1410.833740234375,0.9848124980926514,-0,-0.17362114787101746,0,1,-0,0.17362114787101746,0,0.9848124980926514,0.9921568632125855,0.9176470637321472,0.5529412031173706,256,1,1,0,0.4000000059604645,0,0,0,0,0,0,1],[0,1,\"\",4.099999904632568,0.5999999046325684,0.6000000238418579,16.43750762939453,14.492682456970215,1410.833740234375,1,0,0,0,1,0,0,0,1,0.9921568632125855,0.9176470637321472,0.5529412031173706,256,1,1,0,0,0,0,0,0,0,0,1],[0,1,\"\",4.099999904632568,1.3999998569488526,0.40000003576278689,16.43750762939453,14.092682838439942,1410.833740234375,0.999386191368103,-0.0036171581596136095,-0.03484390676021576,0.006043512374162674,0.9975438714027405,0.06978347897529602,0.03450590372085571,-0.06995122134685517,0.9969534277915955,0.9921568632125855,0.9176470637321472,0.5529412031173706,256,1,1,0,0.4000000059604645,0,0,0,0,0,0,1]]}","version":1}