{"userId":669337896,"data":"{\"Version\":3,\"Items\":[[15,0,\"\",0],[15,1,\"\",0],[0,2,\"\",4,1,2,-26.604150772094728,27.785396575927736,1344.709716796875,1,0,0,0,1,0,0,0,1,1,0.800000011920929,0.6000000238418579,256,1,0,0,0,0,0,0,0,0,0,1],[6,3,\"\",0,\"\",\"\",0,0,0,0.699999988079071,1.399999976158142,0.699999988079071,1,1,1],[0,2,\"\",0.5,2,0.699999988079071,-26.554296493530275,24.185394287109376,1344.0596923828126,1,0,0,0,1,0,0,0,1,0.4156862795352936,0.2235294133424759,0.03529411926865578,256,1,1,0,0,0,0,0,0,0,0,1],[0,2,\"\",1,2,1,-19.619731903076173,26.60000228881836,1352.0439453125,0.000020503997802734376,-0.000005498528480529785,-1.0000001192092896,0.4999745488166809,0.8660401105880737,0.000005498528480529785,0.8660401701927185,-0.4999745488166809,0.000020503997802734376,1,0.800000011920929,0.6000000238418579,256,1,1,0,0,0,0,0,0,0,0,1],[0,2,\"\",1,2,1,-15.919731140136719,26.5,1341.743896484375,0.000012755393981933594,0.0000016689300537109376,-0.9999999403953552,-0.2587701976299286,0.965938925743103,-0.0000016689300537109376,0.9659388661384583,0.2587701976299286,0.000012755393981933594,1,0.800000011920929,0.6000000238418579,256,1,1,0,0,0,0,0,0,0,0,1],[0,2,\"\",1,2,1,-26.204151153564454,26.18539810180664,1343.209716796875,0.8660072684288025,-0.5000314116477966,0,0.5000314116477966,0.8660072684288025,0,0,0,1,1,0.800000011920929,0.6000000238418579,256,1,1,0,0,0,0,0,0,0,0,1],[0,2,\"\",1,2,1,-16.619731903076173,26.5,1351.843994140625,0.000020503997802734376,-0.000005498528480529785,-1.0000001192092896,0.4999745488166809,0.8660401105880737,0.000005498528480529785,0.8660401701927185,-0.4999745488166809,0.000020503997802734376,1,0.800000011920929,0.6000000238418579,256,1,1,0,0,0,0,0,0,0,0,1],[0,2,\"\",1,2,1,-27.204151153564454,26.785396575927736,1346.209716796875,-0.2588644027709961,0.965913712978363,0,-0.965913712978363,-0.2588644027709961,0,0,0,1,1,0.800000011920929,0.6000000238418579,256,1,1,0,0,0,0,0,0,0,0,1],[0,2,\"\",4,1,2,-18.119731903076173,28.5,1351.0439453125,0,0,-1,0,1,0,1,0,0,1,0.800000011920929,0.6000000238418579,256,1,0,0,0,0,0,0,0,0,0,1],[6,11,\"\",0,\"\",\"\",0,0,0,0.699999988079071,1.399999976158142,0.699999988079071,1,1,1],[0,2,\"\",1,2,1,-26.604150772094728,24.185394287109376,1345.209716796875,1,0,0,0,1,0,0,0,1,0,0.125490203499794,0.3764705955982208,256,1,1,0,0,0,0,0,0,0,0,1],[1,2,\"\",9.399999618530274,2,4.5,-9.120010375976563,23.299999237060548,1346.209716796875,0,0,1,0,1,-0,-1,0,0,0.4156862795352936,0.2235294133424759,0.03529411926865578,528,1,1,0,0,0,0,0,0,0,0],[0,2,\"\",21.200000762939454,6.400000095367432,9.399999618530274,-17.57001304626465,19.200000762939454,1346.209716796875,1,0,0,0,1,0,0,0,1,0.4156862795352936,0.2235294133424759,0.03529411926865578,528,1,1,0,0,0,0,0,0,0,0,1],[0,2,\"\",1,2,2,-17.41973114013672,26.900001525878908,1342.243896484375,0,0,-1,0,1,0,1,0,0,0.35686275362968447,0.6039215922355652,0.2980392277240753,256,1,1,0,0,0,0,0,0,0,0,1],[0,2,\"\",4,1,2,-17.41973114013672,28.5,1342.243896484375,0,0,-1,0,1,0,1,0,0,1,0.800000011920929,0.6000000238418579,256,1,0,0,0,0,0,0,0,0,0,1],[6,17,\"\",0,\"\",\"\",0,0,0,0.699999988079071,1.399999976158142,0.699999988079071,1,1,1],[0,2,\"\",1,2,2,-18.119731903076173,26.900001525878908,1351.0439453125,0,0,-1,0,1,0,1,0,0,0.35686275362968447,0.6039215922355652,0.2980392277240753,256,1,1,0,0,0,0,0,0,0,0,1],[0,2,\"\",1,2,2,-26.604150772094728,26.18539810180664,1344.709716796875,1,0,0,0,1,0,0,0,1,1,0,0,256,1,1,0,0,0,0,0,0,0,0,1],[0,2,\"\",1,2,1,-18.91973114013672,28.299999237060548,1342.243896484375,0.00010818243026733398,-0.000014260411262512207,-1.0000001192092896,-0.258770227432251,-0.9659391641616821,-0.000014260411262512207,-0.9659390449523926,0.258770227432251,-0.00010848045349121094,1,0.800000011920929,0.6000000238418579,256,1,1,0,0,0,0,0,0,0,0,1],[0,2,\"\",4,4,6.800000190734863,-18.119731903076173,23.900001525878908,1340.44384765625,1,0,0,0,1,0,0,0,1,0.06666667014360428,0.06666667014360428,0.06666667014360428,256,1,1,0,0,0,0,0,0,0,0,1],[0,2,\"\",4,4,6.800000190734863,-18.119731903076173,23.900001525878908,1352.243896484375,1,0,0,0,1,0,0,0,1,0.06666667014360428,0.06666667014360428,0.06666667014360428,256,1,1,0,0,0,0,0,0,0,0,1],[1,2,\"\",9.399999618530274,1,4.5,-25.820011138916017,22.900001525878908,1346.209716796875,0,0,-1,0,1,0,1,0,0,0.4156862795352936,0.2235294133424759,0.03529411926865578,528,1,1,0,0,0,0,0,0,0,0],[0,1,\"\",0.7999999523162842,19,0.7999999523162842,-17.576213836669923,30.399999618530275,1345.729736328125,1,0,0,0,1,0,0,0,1,0.4156862795352936,0.2235294133424759,0.03529411926865578,256,1,1,0,0,0,0,0,0,0,0,1],[0,1,\"\",0.09999995678663254,8.800000190734864,4.899999618530273,-18.026212692260743,35.5,1343.6796875,1,0,0,0,1,0,0,0,1,0.06666667014360428,0.06666667014360428,0.06666667014360428,256,1,1,0,0,0,0,0,0,0,0,1]]}","version":1}