{"userId":669337896,"data":"{\"Version\":3,\"Items\":[[15,0,\"\",0],[0,1,\"\",0.09999990463256836,1,5.199999809265137,-37.63008117675781,57.47593688964844,1394.895751953125,1,0,0,0,0,-1,0,1,0,0.38823530077934267,0.37254902720451357,0.3843137323856354,256,1,1,0,0,0,0,0,0,0,0,1],[0,1,\"\",3.1999998092651369,1.600000023841858,15.499999046325684,-29.58008575439453,57.95093536376953,1394.739013671875,1,0,0,0,1,0,0,0,1,0.15294118225574494,0.27450981736183169,0.1764705926179886,256,1,1,0,0,0,0,0,0,0,0,1],[0,1,\"\",12.699999809265137,3,4,-28.53008270263672,58.650936126708987,1394.7889404296876,1,0,0,0,1,0,0,0,1,0.35686275362968447,0.6039215922355652,0.2980392277240753,256,1,1,0,0,0,0,0,0,0,0,1],[0,1,\"\",1,2,2,-30.79058837890625,60.650936126708987,1394.9302978515626,1,0,0,0,1,0,0,0,1,0.35686275362968447,0.6039215922355652,0.2980392277240753,256,1,1,0,0,0,0,0,0,0,0,1],[0,1,\"\",2.0999999046325685,2,0.7999999523162842,-22.83008575439453,61.150936126708987,1395.989013671875,0.9659296274185181,-0,-0.2588047981262207,0,1,-0,0.2588047981262207,0,0.9659296274185181,1,0,0,256,1,1,0,0,0,0,0,0,0,0,1],[0,1,\"\",1,2,1,-30.79058837890625,60.650936126708987,1396.4302978515626,1,0,0,0,1,0,0,0,1,1,0.800000011920929,0.6000000238418579,256,1,1,0,0,0,0,0,0,0,0,1],[0,1,\"\",0.09999990463256836,1,5.199999809265137,-37.63008117675781,57.47593688964844,1394.895751953125,1,0,0,0,0.7071342468261719,-0.707079291343689,0,0.707079291343689,0.7071342468261719,0.38823530077934267,0.37254902720451357,0.3843137323856354,256,1,1,0,0,0,0,0,0,0,0,1],[0,1,\"\",2.5,2,2.5,-25.130081176757814,61.150936126708987,1394.739013671875,1,0,0,0,1,0,0,0,1,0.06666667014360428,0.06666667014360428,0.06666667014360428,256,1,1,0,0,0,0,0,0,0,0,1],[0,1,\"\",0.09999990463256836,1,5.300000190734863,-37.63008117675781,57.65093231201172,1394.93896484375,1,0,0,0,1,0,0,0,1,0.38823530077934267,0.37254902720451357,0.3843137323856354,256,1,1,0,0,0,0,0,0,0,0,1],[0,1,\"\",2.200000047683716,1.0999999046325684,1.7999999523162842,-25.78008270263672,61.30093765258789,1394.6890869140626,1,0,0,0,1,0,0,0,1,0.38823530077934267,0.37254902720451357,0.3843137323856354,256,1,1,0,0,0,0,0,0,0,0,1],[0,1,\"\",21.099998474121095,1.600000023841858,3.3999998569488527,-27.03008270263672,57.95093536376953,1394.888916015625,1,0,0,0,1,0,0,0,1,0.15294118225574494,0.27450981736183169,0.1764705926179886,256,1,1,0,0,0,0,0,0,0,0,1],[0,1,\"\",2.0999999046325685,2,0.7999999523162842,-22.83008575439453,61.150936126708987,1393.68896484375,0.9659296274185181,0,0.2588047981262207,0,1,0,-0.2588047981262207,0,0.9659296274185181,1,0,0,256,1,1,0,0,0,0,0,0,0,0,1],[0,1,\"\",4,1,2,-30.79058837890625,62.250938415527347,1394.9302978515626,1,0,0,0,1,0,0,0,1,1,0.800000011920929,0.6000000238418579,256,1,0,0,0,0,0,0,0,0,0,1],[6,14,\"\",0,\"\",\"\",0,0,0,0.699999988079071,1.399999976158142,0.699999988079071,1,1,1]]}","version":1}