{"userId":669337896,"data":"{\"Version\":3,\"Items\":[[15,0,\"\",0],[0,1,\"\",3.1999998092651369,1.600000023841858,15.499999046325684,-12.852347373962403,17.799999237060548,1363.09765625,1,0,0,0,1,0,0,0,1,0.6392157077789307,0.6352941393852234,0.6470588445663452,256,1,1,0,0,0,0,0,0,0,0,1],[0,1,\"\",1,2,2,-14.062849998474121,20.5,1363.2889404296876,1,0,0,0,1,0,0,0,1,0.35686275362968447,0.6039215922355652,0.2980392277240753,256,1,1,0,0,0,0,0,0,0,0,1],[0,1,\"\",0.09999990463256836,1,5.300000190734863,-20.902347564697267,17.499998092651368,1363.297607421875,1,0,0,0,1,0,0,0,1,0.38823530077934267,0.37254902720451357,0.3843137323856354,256,1,1,0,0,0,0,0,0,0,0,1],[0,1,\"\",1,2,1,-14.062849998474121,20.5,1364.7889404296876,1,0,0,0,1,0,0,0,1,1,0.800000011920929,0.6000000238418579,256,1,1,0,0,0,0,0,0,0,0,1],[0,1,\"\",21.099998474121095,1.600000023841858,3.3999998569488527,-10.302346229553223,17.799999237060548,1363.24755859375,1,0,0,0,1,0,0,0,1,0.6392157077789307,0.6352941393852234,0.6470588445663452,256,1,1,0,0,0,0,0,0,0,0,1],[0,1,\"\",0.09999990463256836,1,5.199999809265137,-20.902347564697267,17.325000762939454,1363.25439453125,1,0,0,0,0.7071342468261719,-0.707079291343689,0,0.707079291343689,0.7071342468261719,0.38823530077934267,0.37254902720451357,0.3843137323856354,256,1,1,0,0,0,0,0,0,0,0,1],[0,1,\"\",0.09999990463256836,1,5.199999809265137,-20.902347564697267,17.325000762939454,1363.25439453125,1,0,0,0,0,-1,0,1,0,0.38823530077934267,0.37254902720451357,0.3843137323856354,256,1,1,0,0,0,0,0,0,0,0,1],[0,1,\"\",4,1,2,-14.062849998474121,22.100000381469728,1363.2889404296876,1,0,0,0,1,0,0,0,1,1,0.800000011920929,0.6000000238418579,256,1,0,0,0,0,0,0,0,0,0,1],[6,9,\"\",0,\"\",\"\",0,0,0,0.699999988079071,1.399999976158142,0.699999988079071,1,1,1],[0,1,\"\",1,2,1,-14.062849998474121,20.5,1361.7889404296876,1,0,0,0,1,0,0,0,1,1,0.800000011920929,0.6000000238418579,256,1,1,0,0,0,0,0,0,0,0,1],[0,1,\"\",12.699999809265137,3,4,-11.802346229553223,18.5,1363.1475830078126,1,0,0,0,1,0,0,0,1,0.6392157077789307,0.6352941393852234,0.6470588445663452,256,1,1,0,0,0,0,0,0,0,0,1]]}","version":1}