{"userId":669337896,"data":"{\"Version\":3,\"Items\":[[15,0,\"RetroTree\",0],[0,1,\"\",8,8,8,-35.147666931152347,20,-33.24962615966797,1,0,0,0,1,0,0,0,1,0.35686275362968447,0.6039215922355652,0.2980392277240753,256,1,1,0,0,0,0,0,0,0,0,1],[6,2,\"\",3,\"\",\"\",0,0,0,1,1,1,1,1,1],[8,2,\"\",\"\",0,0],[0,1,\"\",2,12,2,-35.147666931152347,14,-33.24962615966797,1,0,0,0,1,0,0,0,1,0.4156862795352936,0.2235294133424759,0.03529411926865578,256,1,1,0,0,0,0,0,0,0,0,1]]}","version":1}