{"userId":669337896,"data":"{\"Version\":3,\"Items\":[[15,0,\"Stuffed Box\",0],[0,1,\"\",4.099999904632568,0.09999990463256836,0.8700002431869507,16.427507400512697,7.770179748535156,1416.4947509765626,1,0,0,0,0.965907096862793,-0.25888893008232119,0,0.25888893008232119,0.965907096862793,0.06666667014360428,0.06666667014360428,0.06666667014360428,256,1,1,0,0,0,0,0,0,0,0,1],[0,1,\"\",4.099999904632568,0.5999999046325684,0.6000000238418579,16.43750762939453,7.822682857513428,1415.5137939453126,1,0,0,0,1,0,0,0,1,0.9725490212440491,0.8509804010391235,0.4274509847164154,256,1,1,0,0.4000000059604645,0,0,0,0,0,0,1],[0,1,\"\",4.099999904632568,0.09999990463256836,0.8200002312660217,16.427507400512697,7.7766499519348148,1414.4688720703126,1,-0,0,0,0.9659296274185181,0.2588047981262207,-0,-0.2588047981262207,0.9659296274185181,0.06666667014360428,0.06666667014360428,0.06666667014360428,256,1,1,0,0,0,0,0,0,0,0,1],[0,1,\"\",4,2.5,3,16.43750762939453,6.822682857513428,1415.5137939453126,1,0,0,0,1,0,0,0,1,0.6274510025978088,0.5176470875740051,0.30980393290519717,256,1,1,0,0,0,0,0,0,0,0,1],[8,5,\"\",\"rbxassetid://105721306564535\",0,3]]}","version":1}