{"userId":669337896,"data":"{\"Version\":3,\"Items\":[[15,0,\"\",0],[15,1,\"\",0],[0,2,\"\",6,2.799999952316284,4,16.43750762939453,10.31268310546875,1416.4337158203126,1,0,0,0,1,0,0,0,1,0.6274510025978088,0.5176470875740051,0.30980393290519717,256,1,1,0,0,0,0,0,0,0,0,1],[0,2,\"\",6.150000095367432,0.8999999761581421,0.4999999701976776,16.43750762939453,11.31268310546875,1416.4337158203126,1,0,0,0,1,0,0,0,1,0.9921568632125855,0.9176470637321472,0.5529412031173706,256,1,1,0,0,0,0,0,0,0,0,1],[0,1,\"\",4,3,3,15.437507629394532,10.06268310546875,1416.4337158203126,1,0,0,0,1,0,0,0,1,0.7372549176216126,0.6078431606292725,0.364705890417099,256,1,1,0,1,0,0,0,0,0,0,1],[8,5,\"\",\"rbxassetid://105721306564535\",0,3]]}","version":1}