{"userId":658930916,"data":"{\"Version\":1,\"Items\":[[0,0,\"\",4,5,2,-153.7781219482422,577.567626953125,249.19068908691407,1,0,0,0,1,0,0,0,1,0.6392157077789307,0.6352941393852234,0.6470588445663452,256,1,1,0,0,0,0,0,0,0,0,1]]}","version":1}