{"userId":658930916,"data":"{\"Version\":3,\"Items\":[[15,0,\"\",0],[0,1,\"\",4,8,2,-155.48382568359376,579.067626953125,253.46864318847657,1,0,0,0,1,0,0,0,1,0.6392157077789307,0.6352941393852234,0.6470588445663452,256,1,1,0,0,0,0,0,0,0,0,1]]}","version":1}