{"userId":658930916,"data":"{\"Version\":3,\"Items\":[[0,0,\"\",4,8,2,-147.6595458984375,579.067626953125,257.8287353515625,1,0,0,0,1,0,0,0,1,1,0,0.7490196228027344,256,1,1,0,0,0,0,0,0,0,0,1],[13,1,\"\",1,0.9254902601242065,0.545098066329956,0.27450981736183169,0.545098066329956,0.3137255012989044,0.21568629145622254,9,15]]}","version":1}