{"userId":669337896,"data":"{\"Version\":3,\"Items\":[[0,0,\"\",4,1,2,-137.1345672607422,575.567626953125,227.1040496826172,1,0,0,0,1,0,0,0,1,0.6392157077789307,0.6352941393852234,0.6470588445663452,256,1,1,0,0,0,0,0,0,0,0,1]]}","version":1}