{"userId":658930916,"data":"{\"Version\":3,\"Items\":[[0,0,\"\",115.9000015258789,104,90,-248.0487823486328,600.0245971679688,45.61160659790039,1,0,0,0,1,0,0,0,1,0.32156863808631899,0.48627451062202456,0.6823529601097107,256,1,1,0,0,0,0,0,0,0,0,1],[0,0,\"\",115.9000015258789,104,90,20.151229858398439,600.0245971679688,45.61160659790039,1,0,0,0,1,0,0,0,1,0.32156863808631899,0.48627451062202456,0.6823529601097107,256,1,1,0,0,0,0,0,0,0,0,1]]}","version":1}