{"userId":658930916,"data":"{\"Version\":3,\"Items\":[[0,0,\"\",1.100000023841858,117.69999694824219,117.69999694824219,-111.89159393310547,575.1176147460938,379.835205078125,0,1,-0,-1,0,0,0,0,1,0.38823530077934267,0.37254902720451357,0.3843137323856354,1296,1,1,0,0,0,0,0,0,0,0,2],[0,0,\"\",60.50001525878906,83.5,242.10000610351563,12.111207962036133,610.0579223632813,396.6793212890625,1,0,0,0,1,0,0,0,1,0.32156863808631899,0.48627451062202456,0.6823529601097107,256,1,1,0,0,0,0,0,0,0,0,1],[0,0,\"\",38,0.3999999761581421,13,-113.64928436279297,576.067626953125,287.8230895996094,0.9659296274185181,-0,-0.2588047981262207,0,1,-0,0.2588047981262207,0,0.9659296274185181,0.6392157077789307,0.6352941393852234,0.6470588445663452,1296,1,1,0,0,0,0,0,0,0,0,1],[0,0,\"\",60.50001525878906,83.5,242.10000610351563,-236.08880615234376,610.0579223632813,396.6793212890625,1,0,0,0,1,0,0,0,1,0.32156863808631899,0.48627451062202456,0.6823529601097107,256,1,1,0,0,0,0,0,0,0,0,1],[0,0,\"\",306.20001220703127,83.5,28.800003051757814,-110.7387924194336,610.0579223632813,503.3293151855469,1,0,0,0,1,0,0,0,1,0.32156863808631899,0.48627451062202456,0.6823529601097107,256,1,1,0,0,0,0,0,0,0,0,1],[0,0,\"\",38,0.3999999761581421,13,-114.57999420166016,575.7676391601563,311.7005615234375,1,0,0,0,1,0,0,0,1,0.4156862795352936,0.2235294133424759,0.03529411926865578,1296,1,1,0,0,0,0,0,0,0,0,1]]}","version":1}