{"userId":658930916,"data":"{\"Version\":3,\"Items\":[[15,0,\"KnifeGuy\",7],[16,1,\"Right Leg\",\"rbxassetid://12300894470\",\"\",-0.3772618770599365,1.148822546005249,1425.130859375,0.6487234830856323,1.2976453304290772,0.6487234830856323,0,0,1,0,1,0,-0.9999991059303284,0,0,null,null,null,null,0.22745098173618318,0.4901960790157318,0.08235294371843338,272,0,1,0,0],[16,1,\"Left Leg\",\"rbxassetid://12300894081\",\"\",-0.3772618770599365,1.148822546005249,1425.783203125,0.6487234830856323,1.2976453304290772,0.6487234830856323,0,0,1,0,1,0,-0.9999991059303284,0,0,null,null,null,null,0.22745098173618318,0.4901960790157318,0.08235294371843338,272,0,1,0,0],[16,1,\"Left Arm\",\"rbxassetid://12300894421\",\"\",-0.3772618770599365,2.413910388946533,1426.4354248046876,0.6487235426902771,1.2976418733596802,0.6487228870391846,0,0,1,0,1,0,-0.9999991059303284,0,0,null,null,null,null,0.9176470637321472,0.7215686440467835,0.572549045085907,272,0,1,0,0],[16,1,\"Right Arm\",\"rbxassetid://12300894363\",\"\",-0.3772618770599365,2.413910388946533,1424.4786376953126,0.6487235426902771,1.2976418733596802,0.6487228870391846,0,0,1,0,1,0,-0.9999991059303284,0,0,null,null,null,null,0.9176470637321472,0.7215686440467835,0.572549045085907,272,0,1,0,0],[16,1,\"Torso\",\"rbxassetid://12300893522\",\"\",-0.3772618770599365,2.413910388946533,1425.45703125,1.3009796142578126,1.2976418733596802,0.6487228870391846,0,0,1,0,1,0,-0.9999991059303284,0,0,null,null,null,null,0.22745098173618318,0.4901960790157318,0.08235294371843338,272,0,1,0,0],[0,1,\"HumanoidRootPart\",1.30125093460083,1.297337293624878,0.6489948034286499,-0.3775672912597656,2.413607120513916,1425.45703125,0,0,1,0,1,0,-0.9999991059303284,0,0,0.6392157077789307,0.6352941393852234,0.6470588445663452,256,1,1,0,1,0,0,0,0,0,0,1],[16,1,\"Head\",\"rbxassetid://4664309124\",\"\",-0.3743365705013275,3.3932230472564699,1425.4573974609376,0.7982260584831238,0.7903196811676025,0.7890769839286804,0,0,1,0,1,0,-0.9999985098838806,0,0,null,null,null,null,0.9176470637321472,0.7215686440467835,0.572549045085907,272,0,1,0,0],[8,8,\"face\",\"rbxasset://textures/face.png\",0,5]]}","version":1}