{"userId":669337896,"data":"{\"Version\":3,\"Items\":[[0,0,\"\",1,1,1,9,0,-17,1,0,0,0,1,0,0,0,1,0.6392157077789307,0.6352941393852234,0.6470588445663452,256,1,1,0,0,0,0,0,0,0,0,1]]}","version":1}