{"userId":658930916,"data":"{\"Version\":3,\"Items\":[[0,0,\"\",4,1,2,-147.266357421875,575.567626953125,260.068115234375,1,0,0,0,1,0,0,0,1,0.6392157077789307,0.6352941393852234,0.6470588445663452,256,1,1,0,0,0,0,0,0,0,0,1]]}","version":3}