{"userId":669337896,"data":"{\"Version\":3,\"Items\":[[0,0,\"\",4,1,2,-124.47725677490235,575.6676025390625,248.36129760742188,1,0,0,0,1,0,0,0,1,0.6392157077789307,0.6352941393852234,0.6470588445663452,256,1,1,0,0,0,0,0,0,0,0,1]]}","version":1}