{"userId":669337896,"data":"{\"Version\":3,\"Items\":[[0,0,\"\",4,1,2,-105.7474594116211,575.6676025390625,241.9264678955078,1,0,0,0,1,0,0,0,1,0.6392157077789307,0.6352941393852234,0.6470588445663452,256,1,1,0,0,0,0,0,0,0,0,1]]}","version":3}