{"userId":658930916,"data":"{\"Version\":3,\"Items\":[[0,0,\"\",17.771814346313478,1.4299168586730958,22.47007179260254,-63.469512939453128,576.2825927734375,438.2427673339844,-0.6427875757217407,0,0.7660444378852844,0,1,0,-0.7660444974899292,0,-0.6427875757217407,1,0,0.7490196228027344,288,1,1,0,1,0,0,0,0,0,0,1],[0,0,\"HiveBack\",21.1423397064209,2.247012138366699,22.470121383666993,-162.7355194091797,586.9591674804688,441.8017272949219,0,-0.6427876353263855,0.7660444974899292,1,0,0,0,0.7660444974899292,0.6427876353263855,1,0,0.7490196228027344,288,1,1,0,1,0,0,0,0,0,0,1],[0,0,\"\",17.771814346313478,1.4299168586730958,22.47007179260254,-157.75103759765626,576.2825927734375,435.8511047363281,0.6427876353263855,0,0.7660444974899292,0,1,0,-0.7660444974899292,0,0.6427876353263855,1,0,0.7490196228027344,288,1,1,0,1,0,0,0,0,0,0,1],[0,0,\"Cirlce\",1.4299168586730958,22.47007179260254,22.47011375427246,-152.03912353515626,576.2825927734375,429.0438537597656,0,0.7660444974899292,-0.6427876353263855,-1,0,0,0,0.6427876353263855,0.7660444974899292,1,0,0.7490196228027344,288,1,1,0,0,0,0,0,0,0,0,2],[0,0,\"Cirlce\",1.4299168586730958,22.47007179260254,22.47011375427246,-69.18145751953125,576.2825927734375,431.435546875,0,0.7660443782806397,0.6427875757217407,-1,0,0,0,-0.6427875757217407,0.7660444974899292,1,0,0.7490196228027344,288,1,1,0,0,0,0,0,0,0,0,2],[0,0,\"HiveBack\",21.1423397064209,2.247012138366699,22.470121383666993,-58.474857330322269,586.9591674804688,444.184814453125,0,0.6427875757217407,0.7660443782806397,1,0,0,0,0.7660443782806397,-0.6427875757217407,1,0,0.7490196228027344,288,1,1,0,1,0,0,0,0,0,0,1],[0,0,\"PlrName\",24.51285743713379,4.085476398468018,0.10213690996170044,-162.05560302734376,598.8569946289063,440.8333740234375,-0.7660444378852844,0,0.6427876353263855,0,1,0,-0.6427876353263855,0,-0.7660444974899292,0.6392157077789307,0.6352941393852234,0.6470588445663452,256,1,0,0,1,3,4,0,0,0,0,1],[0,0,\"PlrName\",24.51285743713379,4.085476398468018,0.10213690996170044,-59.308597564697269,598.8569946289063,443.3492126464844,-0.766044557094574,0,-0.6427876353263855,0,1,0,0.6427876353263855,0,-0.766044557094574,0.6392157077789307,0.6352941393852234,0.6470588445663452,256,1,0,0,1,3,4,0,0,0,0,1]]}","version":1}