{"userId":658930916,"data":"{\"Version\":3,\"Items\":[[0,0,\"\",470.9999694824219,93.4000015258789,11,-92.8988037109375,620.567626953125,-192.5220947265625,1,0,0,0,1,0,0,0,1,0.32156863808631899,0.48627451062202456,0.6823529601097107,256,1,1,0,0,0,0,0,0,0,0,1],[0,0,\"\",73.69998168945313,93.4000015258789,210.60000610351563,-291.5487976074219,620.567626953125,-92.72209167480469,1,0,0,0,1,0,0,0,1,0.32156863808631899,0.48627451062202456,0.6823529601097107,256,1,1,0,0,0,0,0,0,0,0,1]]}","version":1}