{"userId":669337896,"data":"{\"Version\":3,\"Items\":[[15,0,\" Nife\",0],[0,1,\"\",0.09999996423721314,0.6000000238418579,0.19999998807907105,0.7754733562469482,3.299999952316284,1420.822509765625,0,0,1,0,1,-0,-1,0,0,0.7921568751335144,0.7960784435272217,0.8196078538894653,256,1,1,0,0,0,0,0,0,0,0,1],[0,1,\"\",0.09999996423721314,0.7000001668930054,0.10000000149011612,0.6254734396934509,3.250000238418579,1420.822509765625,0,0,1,0,1,-0,-1,0,0,0.7921568751335144,0.7960784435272217,0.8196078538894653,256,1,1,0,0,0,0,0,0,0,0,1],[6,3,\"\",2,\"\",\"\",0,0,0,1,1,1,1,1,1],[0,1,\"\",0.09999996423721314,0.6000000834465027,0.20000000298023225,0.775473415851593,3.9000000953674318,1420.822509765625,0,0,1,0,1,-0,-1,0,0,0.7921568751335144,0.7960784435272217,0.8196078538894653,256,1,1,0,0,0,0,0,0,0,0,1],[6,5,\"\",2,\"\",\"\",0,0,0,1,1,1,1,1,1],[0,1,\"\",0.5499999523162842,0.20000004768371583,0.19999997317790986,0.950473427772522,2.9000000953674318,1420.822509765625,1,0,0,0,1,0,0,0,1,0.10588235408067703,0.16470588743686677,0.2078431397676468,256,1,1,0,0,0,0,0,0,0,0,1],[0,1,\"\",0.09999996423721314,0.6000000834465027,0.15000000596046449,0.8004733920097351,2.6000001430511476,1420.822509765625,0,0,1,0,-1,0,1,0,-0,0.10588235408067703,0.16470588743686677,0.2078431397676468,256,1,1,0,0,0,0,0,0,0,0,1],[6,8,\"\",2,\"\",\"\",0,0,0,1,1,1,1,1,1],[0,1,\"\",0.34999996423721316,0.9500000476837158,0.19999995827674867,1.0504733324050904,2.5250000953674318,1420.822509765625,1,0,0,0,1,0,0,0,1,0.10588235408067703,0.16470588743686677,0.2078431397676468,256,1,1,0,0,0,0,0,0,0,0,1],[0,1,\"\",0.09999996423721314,0.5000001192092896,0.3499999940395355,1.0504733324050904,4.449999809265137,1420.822509765625,0,0,1,0,1,-0,-1,0,0,0.7921568751335144,0.7960784435272217,0.8196078538894653,256,1,1,0,0,0,0,0,0,0,0,1],[6,11,\"\",2,\"\",\"\",0,0,0,1,1,1,1,1,1],[0,1,\"\",0.09999996423721314,1.2000000476837159,0.3499999940395355,1.0504733324050904,3.5999999046325685,1420.822509765625,0,0,1,0,1,-0,-1,0,0,0.7921568751335144,0.7960784435272217,0.8196078538894653,256,1,1,0,0,0,0,0,0,0,0,1]]}","version":1}