{"userId":669337896,"data":"{\"Version\":3,\"Items\":[[15,0,\"\",0],[0,1,\"\",0.7999999523162842,1.5,4.400000095367432,-25.13678741455078,622.142333984375,211.22186279296876,1,0,0,0,1,0,0,0,1,0.6392157077789307,0.6352941393852234,0.6470588445663452,256,1,1,0,0,0,0,0,0,0,0,1],[0,1,\"\",5,6,2,-11.636787414550782,637.567626953125,222.2222900390625,1,0,0,0,1,0,0,0,1,0.6392157077789307,0.6352941393852234,0.6470588445663452,256,1,1,0,0,0,0,0,0,0,0,1],[0,1,\"\",0.7999999523162842,1.5,4.400000095367432,-25.13678741455078,610.642333984375,219.22186279296876,1,0,0,0,1,0,0,0,1,0.6392157077789307,0.6352941393852234,0.6470588445663452,256,1,1,0,0,0,0,0,0,0,0,1],[0,1,\"\",0.7999999523162842,1,4.400000095367432,-25.13678741455078,631.892333984375,216.22186279296876,1,0,0,0,1,0,0,0,1,0.6392157077789307,0.6352941393852234,0.6470588445663452,256,1,1,0,0,0,0,0,0,0,0,1],[0,1,\"\",5,6,2,-25.13678741455078,637.567626953125,208.7222900390625,0,0,-1,0,1,0,1,0,0,0.6392157077789307,0.6352941393852234,0.6470588445663452,256,1,1,0,0,0,0,0,0,0,0,1],[0,1,\"\",0.7999999523162842,1.5,4.400000095367432,-25.13678741455078,624.142333984375,214.22186279296876,1,0,0,0,1,0,0,0,1,1,0,0,256,1,1,0,0,0,0,0,0,0,0,1],[0,1,\"\",5,6,2,-17.63678741455078,637.567626953125,207.2222900390625,1,0,0,0,1,0,0,0,1,0.6392157077789307,0.6352941393852234,0.6470588445663452,256,1,1,0,0,0,0,0,0,0,0,1],[0,1,\"\",15,31,15,-17.63678741455078,621.067626953125,214.7222900390625,1,0,0,0,1,0,0,0,1,1,0,0,256,1,1,0,0,0,0,0,0,0,0,1],[0,1,\"\",5,6,2,-17.63678741455078,637.567626953125,222.2222900390625,1,0,0,0,1,0,0,0,1,0.6392157077789307,0.6352941393852234,0.6470588445663452,256,1,1,0,0,0,0,0,0,0,0,1],[0,1,\"\",0.7999999523162842,1,4.400000095367432,-25.13678741455078,621.892333984375,216.22186279296876,1,0,0,0,1,0,0,0,1,0.6392157077789307,0.6352941393852234,0.6470588445663452,256,1,1,0,0,0,0,0,0,0,0,1],[0,1,\"\",5,6,2,-11.636787414550782,637.567626953125,207.2222900390625,1,0,0,0,1,0,0,0,1,0.6392157077789307,0.6352941393852234,0.6470588445663452,256,1,1,0,0,0,0,0,0,0,0,1],[0,1,\"\",0.7999999523162842,1,4.400000095367432,-25.13678741455078,630.392333984375,218.22186279296876,1,0,0,0,1,0,0,0,1,0.6392157077789307,0.6352941393852234,0.6470588445663452,256,1,1,0,0,0,0,0,0,0,0,1],[0,1,\"\",5,6,2,-25.13678741455078,637.567626953125,214.7222900390625,0,0,-1,0,1,0,1,0,0,0.6392157077789307,0.6352941393852234,0.6470588445663452,256,1,1,0,0,0,0,0,0,0,0,1],[0,1,\"\",0.7999999523162842,1,4.400000095367432,-25.13678741455078,628.892333984375,211.22186279296876,1,0,0,0,1,0,0,0,1,0.6392157077789307,0.6352941393852234,0.6470588445663452,256,1,1,0,0,0,0,0,0,0,0,1],[0,1,\"\",5,6,2,-25.13678741455078,637.567626953125,220.7222900390625,0,0,-1,0,1,0,1,0,0,0.6392157077789307,0.6352941393852234,0.6470588445663452,256,1,1,0,0,0,0,0,0,0,0,1],[0,1,\"\",17,3,17,-17.63678741455078,636.067626953125,214.7222900390625,1,0,0,0,1,0,0,0,1,0.6392157077789307,0.6352941393852234,0.6470588445663452,256,1,1,0,0,0,0,0,0,0,0,1],[0,1,\"\",0.7999999523162842,1.5,4.400000095367432,-25.13678741455078,614.642333984375,213.22186279296876,1,0,0,0,1,0,0,0,1,0.6392157077789307,0.6352941393852234,0.6470588445663452,256,1,1,0,0,0,0,0,0,0,0,1],[0,1,\"\",5,6,2,-10.136787414550782,637.567626953125,214.7222900390625,0,0,-1,0,1,0,1,0,0,0.6392157077789307,0.6352941393852234,0.6470588445663452,256,1,1,0,0,0,0,0,0,0,0,1],[0,1,\"\",5,6,2,-10.136787414550782,637.567626953125,220.7222900390625,0,0,-1,0,1,0,1,0,0,0.6392157077789307,0.6352941393852234,0.6470588445663452,256,1,1,0,0,0,0,0,0,0,0,1],[0,1,\"\",5,6,2,-23.63678741455078,637.567626953125,207.2222900390625,1,0,0,0,1,0,0,0,1,0.6392157077789307,0.6352941393852234,0.6470588445663452,256,1,1,0,0,0,0,0,0,0,0,1],[0,1,\"\",0.7999999523162842,1.5,4.400000095367432,-25.13678741455078,612.642333984375,211.22186279296876,1,0,0,0,1,0,0,0,1,0.6392157077789307,0.6352941393852234,0.6470588445663452,256,1,1,0,0,0,0,0,0,0,0,1]]}","version":1}