{"userId":658930916,"data":"{\"Version\":3,\"Items\":[[0,0,\"\",3,2.5,2.5,-170.41543579101563,576.817626953125,206.53253173828126,1,0,0,0,1,0,0,0,1,0.38823530077934267,0.37254902720451357,0.3843137323856354,256,1,1,0,0,0,0,0,0,0,0,1],[0,0,\"\",1,0.8999999761581421,2.700000047683716,-170.41543579101563,577.7175903320313,206.63253784179688,1,0,0,0,1,0,0,0,1,0.8039215803146362,0.8039215803146362,0.8039215803146362,256,1,1,0,0.800000011920929,0,0,0,0,0,0,1]]}","version":1}