{"userId":658930916,"data":"{\"Version\":3,\"Items\":[[0,0,\"\",1,23.899999618530275,1,-137.3008575439453,586.017578125,-23.579925537109376,1,0,0,0,1,0,0,0,1,0.38823530077934267,0.37254902720451357,0.3843137323856354,256,1,0,0,0,0,0,0,0,0,0,1],[0,0,\"\",2,28.899999618530275,4,-149.8008575439453,584.517578125,-3.079925537109375,1,0,0,0,1,0,0,0,1,0.38823530077934267,0.37254902720451357,0.3843137323856354,256,1,0,0,0,0,0,0,0,0,0,1],[0,0,\"\",48,0.8999996185302734,25,-159.8008575439453,598.517578125,-12.579925537109375,1,0,0,0,1,0,0,0,1,0.6392157077789307,0.6352941393852234,0.6470588445663452,256,1,0,0,0,0,0,0,0,0,0,1],[0,0,\"\",1,23.899999618530275,1,-43.30085754394531,586.017578125,-23.579925537109376,1,0,0,0,1,0,0,0,1,0.38823530077934267,0.37254902720451357,0.3843137323856354,256,1,0,0,0,0,0,0,0,0,0,1],[0,0,\"Lobby Floor\",56.09999084472656,5,68.30000305175781,-162.498779296875,598.5675659179688,23.82705307006836,1,0,0,0,1,0,0,0,1,0.38823530077934267,0.37254902720451357,0.3843137323856354,256,1,1,0,0,0,0,0,0,0,0,1],[0,0,\"\",1,23.899999618530275,1,-182.3008575439453,586.017578125,-23.579925537109376,1,0,0,0,1,0,0,0,1,0.38823530077934267,0.37254902720451357,0.3843137323856354,256,1,0,0,0,0,0,0,0,0,0,1],[0,0,\"\",2,28.899999618530275,4,-172.8008575439453,584.517578125,-3.079925537109375,1,0,0,0,1,0,0,0,1,0.38823530077934267,0.37254902720451357,0.3843137323856354,256,1,0,0,0,0,0,0,0,0,0,1],[0,0,\"Lobby Floor\",60.99999237060547,28.799999237060548,6.700006008148193,-112.84878540039063,586.9675903320313,-6.472945213317871,1,0,0,0,1,0,0,0,1,0.38823530077934267,0.37254902720451357,0.3843137323856354,256,1,1,0,0,0,0,0,0,0,0,1],[15,0,\"ShopWord\",0],[0,0,\"Lobby Floor\",13.899995803833008,27.5,6.700006008148193,-183.59878540039063,586.3175659179688,-6.472945213317871,1,0,0,0,1,0,0,0,1,0.38823530077934267,0.37254902720451357,0.3843137323856354,256,1,1,0,0,0,0,0,0,0,0,1],[0,0,\"\",127,22,0.10000002384185791,-117.64213562011719,586.067626953125,-2.5629851818084719,1,0,0,0,1,0,0,0,1,1,0,0,288,1,0,0,0.800000011920929,0,0,0,0,0,0,1],[0,0,\"Lobby Floor\",56.09999084472656,5,68.30000305175781,-63.69877624511719,598.5675659179688,23.82705307006836,1,0,0,0,1,0,0,0,1,0.38823530077934267,0.37254902720451357,0.3843137323856354,256,1,1,0,0,0,0,0,0,0,0,1],[0,0,\"\",2,28.899999618530275,4,-54.80085754394531,584.517578125,-2.079925537109375,1,0,0,0,1,0,0,0,1,0.38823530077934267,0.37254902720451357,0.3843137323856354,256,1,0,0,0,0,0,0,0,0,0,1],[0,0,\"\",48,0.8999996185302734,25,-65.80085754394531,598.517578125,-12.579925537109375,1,0,0,0,1,0,0,0,1,0.6392157077789307,0.6352941393852234,0.6470588445663452,256,1,0,0,0,0,0,0,0,0,0,1],[0,0,\"Lobby Floor\",14.899995803833008,27.5,6.700006008148193,-43.098785400390628,586.3175659179688,-6.472945213317871,1,0,0,0,1,0,0,0,1,0.38823530077934267,0.37254902720451357,0.3843137323856354,256,1,1,0,0,0,0,0,0,0,0,1],[0,0,\"\",17,28.899999618530275,2,-46.30085754394531,584.517578125,-2.079925537109375,1,0,0,0,1,0,0,0,1,0.6392157077789307,0.6352941393852234,0.6470588445663452,256,1,0,0,0,0,0,0,0,0,0,1],[0,0,\"\",17,28.899999618530275,2,-181.3008575439453,584.517578125,-3.079925537109375,1,0,0,0,1,0,0,0,1,0.6392157077789307,0.6352941393852234,0.6470588445663452,256,1,0,0,0,0,0,0,0,0,0,1],[0,0,\"\",1,23.899999618530275,1,-88.30085754394531,586.017578125,-23.579925537109376,1,0,0,0,1,0,0,0,1,0.38823530077934267,0.37254902720451357,0.3843137323856354,256,1,0,0,0,0,0,0,0,0,0,1]]}","version":1}