{"userId":669337896,"data":"{\"Version\":1,\"Items\":[[0,0,\"\",4,1,2,-137.04930114746095,575.567626953125,245.62901306152345,1,0,0,0,1,0,0,0,1,0.6392157077789307,0.6352941393852234,0.6470588445663452,256,1,1,0,0,0,0,0,0,0,0,1]]}","version":1}