{"userId":658930916,"data":"{\"Version\":3,\"Items\":[[15,0,\"\",0],[0,1,\"\",0.800000011920929,0.800000011920929,27.20000457763672,-181.7559356689453,577.1101684570313,-126.40398406982422,1,0,0,0,1,0,0,0,1,0.9725490212440491,0.9725490212440491,0.9725490212440491,256,1,1,0,0,0,0,0,0,0,0,1],[15,1,\"\",0],[15,3,\"\",0],[0,4,\"\",1,1.2000000476837159,1,-181.70594787597657,579.8650512695313,-112.20387268066406,-1,0,0,0,1,0,0,0,-1,0.9725490212440491,0.9725490212440491,0.9725490212440491,256,1,1,0,0,0,0,0,0,0,0,1],[6,5,\"\",2,\"\",\"\",0,0,0,1,1,1,1,1,1],[0,4,\"\",2,3.700000047683716,1,-181.70594787597657,577.4150390625,-112.70387268066406,0,0,1,0,1,-0,-1,0,0,0.9725490212440491,0.9725490212440491,0.9725490212440491,256,1,1,0,0,0,0,0,0,0,0,1],[0,4,\"\",1,1.2000000476837159,1,-181.70594787597657,579.8650512695313,-113.20387268066406,1,0,0,0,1,0,0,0,1,0.9725490212440491,0.9725490212440491,0.9725490212440491,256,1,1,0,0,0,0,0,0,0,0,1],[6,8,\"\",2,\"\",\"\",0,0,0,1,1,1,1,1,1],[15,3,\"\",0],[0,10,\"\",1,1.2000000476837159,1,-181.70594787597657,579.8650512695313,-115.20387268066406,-1,0,0,0,1,0,0,0,-1,0.9725490212440491,0.9725490212440491,0.9725490212440491,256,1,1,0,0,0,0,0,0,0,0,1],[6,11,\"\",2,\"\",\"\",0,0,0,1,1,1,1,1,1],[0,10,\"\",2,3.700000047683716,1,-181.70594787597657,577.4150390625,-115.70387268066406,0,0,1,0,1,-0,-1,0,0,0.9725490212440491,0.9725490212440491,0.9725490212440491,256,1,1,0,0,0,0,0,0,0,0,1],[0,10,\"\",1,1.2000000476837159,1,-181.70594787597657,579.8650512695313,-116.20387268066406,1,0,0,0,1,0,0,0,1,0.9725490212440491,0.9725490212440491,0.9725490212440491,256,1,1,0,0,0,0,0,0,0,0,1],[6,14,\"\",2,\"\",\"\",0,0,0,1,1,1,1,1,1],[15,1,\"\",0],[15,16,\"\",0],[0,17,\"\",1,1.2000000476837159,1,-181.70594787597657,579.8650512695313,-130.20387268066407,-1,0,0,0,1,0,0,0,-1,0.9725490212440491,0.9725490212440491,0.9725490212440491,256,1,1,0,0,0,0,0,0,0,0,1],[6,18,\"\",2,\"\",\"\",0,0,0,1,1,1,1,1,1],[0,17,\"\",2,3.700000047683716,1,-181.70594787597657,577.4150390625,-130.70387268066407,0,0,1,0,1,-0,-1,0,0,0.9725490212440491,0.9725490212440491,0.9725490212440491,256,1,1,0,0,0,0,0,0,0,0,1],[0,17,\"\",1,1.2000000476837159,1,-181.70594787597657,579.8650512695313,-131.20387268066407,1,0,0,0,1,0,0,0,1,0.9725490212440491,0.9725490212440491,0.9725490212440491,256,1,1,0,0,0,0,0,0,0,0,1],[6,21,\"\",2,\"\",\"\",0,0,0,1,1,1,1,1,1],[15,16,\"\",0],[0,23,\"\",1,1.2000000476837159,1,-181.70594787597657,579.8650512695313,-133.20387268066407,-1,0,0,0,1,0,0,0,-1,0.9725490212440491,0.9725490212440491,0.9725490212440491,256,1,1,0,0,0,0,0,0,0,0,1],[6,24,\"\",2,\"\",\"\",0,0,0,1,1,1,1,1,1],[0,23,\"\",2,3.700000047683716,1,-181.70594787597657,577.4150390625,-133.70387268066407,0,0,1,0,1,-0,-1,0,0,0.9725490212440491,0.9725490212440491,0.9725490212440491,256,1,1,0,0,0,0,0,0,0,0,1],[0,23,\"\",1,1.2000000476837159,1,-181.70594787597657,579.8650512695313,-134.20387268066407,1,0,0,0,1,0,0,0,1,0.9725490212440491,0.9725490212440491,0.9725490212440491,256,1,1,0,0,0,0,0,0,0,0,1],[6,27,\"\",2,\"\",\"\",0,0,0,1,1,1,1,1,1],[15,1,\"\",0],[15,29,\"\",0],[0,30,\"\",1,1.2000000476837159,1,-181.70594787597657,579.8650512695313,-124.20387268066406,-1,0,0,0,1,0,0,0,-1,0.9725490212440491,0.9725490212440491,0.9725490212440491,256,1,1,0,0,0,0,0,0,0,0,1],[6,31,\"\",2,\"\",\"\",0,0,0,1,1,1,1,1,1],[0,30,\"\",2,3.700000047683716,1,-181.70594787597657,577.4150390625,-124.70387268066406,0,0,1,0,1,-0,-1,0,0,0.9725490212440491,0.9725490212440491,0.9725490212440491,256,1,1,0,0,0,0,0,0,0,0,1],[0,30,\"\",1,1.2000000476837159,1,-181.70594787597657,579.8650512695313,-125.20387268066406,1,0,0,0,1,0,0,0,1,0.9725490212440491,0.9725490212440491,0.9725490212440491,256,1,1,0,0,0,0,0,0,0,0,1],[6,34,\"\",2,\"\",\"\",0,0,0,1,1,1,1,1,1],[15,29,\"\",0],[0,36,\"\",1,1.2000000476837159,1,-181.70594787597657,579.8650512695313,-127.20387268066406,-1,0,0,0,1,0,0,0,-1,0.9725490212440491,0.9725490212440491,0.9725490212440491,256,1,1,0,0,0,0,0,0,0,0,1],[6,37,\"\",2,\"\",\"\",0,0,0,1,1,1,1,1,1],[0,36,\"\",2,3.700000047683716,1,-181.70594787597657,577.4150390625,-127.70387268066406,0,0,1,0,1,-0,-1,0,0,0.9725490212440491,0.9725490212440491,0.9725490212440491,256,1,1,0,0,0,0,0,0,0,0,1],[0,36,\"\",1,1.2000000476837159,1,-181.70594787597657,579.8650512695313,-128.20387268066407,1,0,0,0,1,0,0,0,1,0.9725490212440491,0.9725490212440491,0.9725490212440491,256,1,1,0,0,0,0,0,0,0,0,1],[6,40,\"\",2,\"\",\"\",0,0,0,1,1,1,1,1,1],[0,1,\"\",0.800000011920929,0.800000011920929,27.200000762939454,-181.7559356689453,578.3101806640625,-126.40399169921875,1,0,0,0,1,0,0,0,1,0.9725490212440491,0.9725490212440491,0.9725490212440491,256,1,1,0,0,0,0,0,0,0,0,1],[15,1,\"\",0],[15,43,\"\",0],[0,44,\"\",1,1.2000000476837159,1,-181.70594787597657,579.8650512695313,-136.20387268066407,-1,0,0,0,1,0,0,0,-1,0.9725490212440491,0.9725490212440491,0.9725490212440491,256,1,1,0,0,0,0,0,0,0,0,1],[6,45,\"\",2,\"\",\"\",0,0,0,1,1,1,1,1,1],[0,44,\"\",2,3.700000047683716,1,-181.70594787597657,577.4150390625,-136.70387268066407,0,0,1,0,1,-0,-1,0,0,0.9725490212440491,0.9725490212440491,0.9725490212440491,256,1,1,0,0,0,0,0,0,0,0,1],[0,44,\"\",1,1.2000000476837159,1,-181.70594787597657,579.8650512695313,-137.20387268066407,1,0,0,0,1,0,0,0,1,0.9725490212440491,0.9725490212440491,0.9725490212440491,256,1,1,0,0,0,0,0,0,0,0,1],[6,48,\"\",2,\"\",\"\",0,0,0,1,1,1,1,1,1],[15,43,\"\",0],[0,50,\"\",1,1.2000000476837159,1,-181.70594787597657,579.8650512695313,-139.20387268066407,-1,0,0,0,1,0,0,0,-1,0.9725490212440491,0.9725490212440491,0.9725490212440491,256,1,1,0,0,0,0,0,0,0,0,1],[6,51,\"\",2,\"\",\"\",0,0,0,1,1,1,1,1,1],[0,50,\"\",2,3.700000047683716,1,-181.70594787597657,577.4150390625,-139.70387268066407,0,0,1,0,1,-0,-1,0,0,0.9725490212440491,0.9725490212440491,0.9725490212440491,256,1,1,0,0,0,0,0,0,0,0,1],[0,50,\"\",1,1.2000000476837159,1,-181.70594787597657,579.8650512695313,-140.20387268066407,1,0,0,0,1,0,0,0,1,0.9725490212440491,0.9725490212440491,0.9725490212440491,256,1,1,0,0,0,0,0,0,0,0,1],[6,54,\"\",2,\"\",\"\",0,0,0,1,1,1,1,1,1],[15,1,\"\",0],[15,56,\"\",0],[0,57,\"\",1,1.2000000476837159,1,-181.70594787597657,579.8650512695313,-118.20387268066406,-1,0,0,0,1,0,0,0,-1,0.9725490212440491,0.9725490212440491,0.9725490212440491,256,1,1,0,0,0,0,0,0,0,0,1],[6,58,\"\",2,\"\",\"\",0,0,0,1,1,1,1,1,1],[0,57,\"\",2,3.700000047683716,1,-181.70594787597657,577.4150390625,-118.70387268066406,0,0,1,0,1,-0,-1,0,0,0.9725490212440491,0.9725490212440491,0.9725490212440491,256,1,1,0,0,0,0,0,0,0,0,1],[0,57,\"\",1,1.2000000476837159,1,-181.70594787597657,579.8650512695313,-119.20387268066406,1,0,0,0,1,0,0,0,1,0.9725490212440491,0.9725490212440491,0.9725490212440491,256,1,1,0,0,0,0,0,0,0,0,1],[6,61,\"\",2,\"\",\"\",0,0,0,1,1,1,1,1,1],[15,56,\"\",0],[0,63,\"\",1,1.2000000476837159,1,-181.70594787597657,579.8650512695313,-121.20387268066406,-1,0,0,0,1,0,0,0,-1,0.9725490212440491,0.9725490212440491,0.9725490212440491,256,1,1,0,0,0,0,0,0,0,0,1],[6,64,\"\",2,\"\",\"\",0,0,0,1,1,1,1,1,1],[0,63,\"\",2,3.700000047683716,1,-181.70594787597657,577.4150390625,-121.70387268066406,0,0,1,0,1,-0,-1,0,0,0.9725490212440491,0.9725490212440491,0.9725490212440491,256,1,1,0,0,0,0,0,0,0,0,1],[0,63,\"\",1,1.2000000476837159,1,-181.70594787597657,579.8650512695313,-122.20387268066406,1,0,0,0,1,0,0,0,1,0.9725490212440491,0.9725490212440491,0.9725490212440491,256,1,1,0,0,0,0,0,0,0,0,1],[6,67,\"\",2,\"\",\"\",0,0,0,1,1,1,1,1,1]]}","version":1}