{"userId":669337896,"data":"{\"Version\":3,\"Items\":[[15,0,\"\",0],[15,1,\"\",0],[0,2,\"\",21,2,1,-6.546029090881348,22.799999237060548,1400.841552734375,1,0,0,0,1,0,0,0,1,0.9725490212440491,0.9725490212440491,0.9725490212440491,256,1,1,0,0,0,0,0,0,0,0,1],[0,2,\"\",4.400000095367432,0.800000011920929,12.399999618530274,6.953970909118652,19.399999618530275,1395.341552734375,1,0,0,0,1,0,0,0,1,0.10588235408067703,0.16470588743686677,0.2078431397676468,256,1,1,0,0,0,0,0,0,0,0,1],[0,2,\"\",1,9,1,4.453970909118652,26.299999237060548,1389.841552734375,0,0,-1,0,1,0,1,0,0,0.9725490212440491,0.9725490212440491,0.9725490212440491,256,1,1,0,0,0,0,0,0,0,0,1],[6,5,\"\",2,\"\",\"\",0,0,0,1,1,1,1,1,1],[0,2,\"\",21,0.5,12,-6.546029090881348,30.75,1395.341552734375,1,0,0,0,1,0,0,0,1,0.9725490212440491,0.9725490212440491,0.9725490212440491,256,1,1,0,0,0,0,0,0,0,0,1],[0,2,\"\",21,2,1,-6.546029090881348,29.799999237060548,1389.841552734375,1,0,0,0,1,0,0,0,1,0.9725490212440491,0.9725490212440491,0.9725490212440491,256,1,1,0,0,0,0,0,0,0,0,1],[0,2,\"\",2.5,0.5,10,4.203970909118652,22.549999237060548,1395.341552734375,1,0,0,0,1,0,0,0,1,0.38823530077934267,0.37254902720451357,0.3843137323856354,1056,1,1,0,0,0,0,0,0,0,0,1],[0,2,\"\",14,5,1,-10.046029090881348,26.299999237060548,1400.841552734375,1,0,0,0,1,0,0,0,1,0.9725490212440491,0.9725490212440491,0.9725490212440491,256,1,1,0,0,0,0,0,0,0,0,1],[0,2,\"\",22.100000381469728,0.5,10,-5.596028804779053,19.549999237060548,1395.341552734375,1,0,0,0,1,0,0,0,1,0.38823530077934267,0.37254902720451357,0.3843137323856354,1056,1,1,0,0,0,0,0,0,0,0,1],[0,2,\"\",0.09999990463256836,0.20000004768371583,4.59999942779541,9.553970336914063,20.299999237060548,1395.54150390625,1,0,0,0,1,0,0,0,1,0.06666667014360428,0.06666667014360428,0.06666667014360428,256,1,1,0,0,0,0,0,0,0,0,1],[0,2,\"\",4.400000095367432,0.800000011920929,2.1999995708465578,6.953970909118652,20.399999618530275,1400.04150390625,1,0,0,0,1,0,0,0,1,1,0,0,288,1,1,0,0,0,0,0,0,0,0,1],[0,2,\"\",1,2,12,3.4539709091186525,29.799999237060548,1395.341552734375,1,0,0,0,1,0,0,0,1,0.9725490212440491,0.9725490212440491,0.9725490212440491,256,1,1,0,0,0,0,0,0,0,0,1],[0,2,\"\",14,5,1,-10.046029090881348,26.299999237060548,1389.841552734375,1,0,0,0,1,0,0,0,1,0.9725490212440491,0.9725490212440491,0.9725490212440491,256,1,1,0,0,0,0,0,0,0,0,1],[0,2,\"\",1,5,1,3.4539709091186525,26.299999237060548,1400.841552734375,1,0,0,0,1,0,0,0,1,0.9725490212440491,0.9725490212440491,0.9725490212440491,256,1,1,0,0,0,0,0,0,0,0,1],[0,2,\"\",4.400000095367432,0.800000011920929,2.1999995708465578,6.953970909118652,20.399999618530275,1390.54150390625,1,0,0,0,1,0,0,0,1,1,0,0,288,1,1,0,0,0,0,0,0,0,0,1],[0,2,\"\",11.399999618530274,6.900000095367432,0.8999999761581421,4.403970718383789,26.049999237060548,1395.341552734375,0,0,-1,0,1,0,1,0,0,0.06666667014360428,0.06666667014360428,0.06666667014360428,256,1,1,0,0,0,0,0,0,0,0,1],[6,18,\"\",2,\"\",\"\",0,0,0,1,1,1,1,1,1],[0,2,\"\",1,3,12,8.453970909118653,20.299999237060548,1395.341552734375,1,0,0,0,1,0,0,0,1,0.9725490212440491,0.9725490212440491,0.9725490212440491,256,1,1,0,0,0,0,0,0,0,0,1],[15,2,\"\",0],[0,21,\"\",1.5000009536743165,4.699999809265137,5.199999809265137,-12.996028900146485,19.549999237060548,1401.341552734375,0,0,1,0,1,-0,-1,0,0,0.06666667014360428,0.06666667014360428,0.06666667014360428,816,1,1,0,0,0,0,0,0,0,0,1],[6,22,\"\",4,\"\",\"\",0,0,0,1,1,1,1,1,1],[0,21,\"\",1.5000009536743165,4.699999809265137,5.199999809265137,-12.996028900146485,19.549999237060548,1389.341552734375,0,0,1,0,1,-0,-1,0,0,0.06666667014360428,0.06666667014360428,0.06666667014360428,816,1,1,0,0,0,0,0,0,0,0,1],[6,24,\"\",4,\"\",\"\",0,0,0,1,1,1,1,1,1],[0,2,\"\",26,3,1,-4.046029090881348,20.299999237060548,1400.841552734375,1,0,0,0,1,0,0,0,1,0.9725490212440491,0.9725490212440491,0.9725490212440491,256,1,1,0,0,0,0,0,0,0,0,1],[0,2,\"\",12,2,5,6.453970909118652,22.799999237060548,1395.341552734375,0,0,-1,0,1,0,1,0,0,0.9725490212440491,0.9725490212440491,0.9725490212440491,256,1,1,0,0,0,0,0,0,0,0,1],[6,27,\"\",2,\"\",\"\",0,0,0,1,1,1,1,1,1],[0,2,\"\",4.400000095367432,0.6000000238418579,2.1999995708465578,6.953970909118652,21.200000762939454,1400.04150390625,1,0,0,0,1,0,0,0,1,0.9725490212440491,0.9725490212440491,0.9725490212440491,288,1,1,0,0.30000001192092898,0,0,0,0,0,0,1],[0,2,\"\",0.09999990463256836,0.20000004768371583,4.59999942779541,9.553970336914063,20.69999885559082,1395.54150390625,1,0,0,0,1,0,0,0,1,0.06666667014360428,0.06666667014360428,0.06666667014360428,256,1,1,0,0,0,0,0,0,0,0,1],[0,2,\"\",9.800000190734864,6.820000171661377,0.46999993920326235,-10.046029090881348,26.299999237060548,1389.5164794921876,-1,0,0,0,1,0,0,0,-1,0.9725490212440491,0.9725490212440491,0.9725490212440491,256,1,1,0,0,0,0,0,0,0,0,1],[8,31,\"\",\"rbxassetid://16176631332\",0,2],[0,2,\"\",4.400000095367432,0.6000000238418579,2.1999995708465578,6.953970909118652,21.200000762939454,1390.54150390625,1,0,0,0,1,0,0,0,1,0.9725490212440491,0.9725490212440491,0.9725490212440491,288,1,1,0,0.30000001192092898,0,0,0,0,0,0,1],[0,2,\"\",21,2,1,-6.546029090881348,29.799999237060548,1400.841552734375,1,0,0,0,1,0,0,0,1,0.9725490212440491,0.9725490212440491,0.9725490212440491,256,1,1,0,0,0,0,0,0,0,0,1],[0,2,\"\",1,9,1,4.453970909118652,26.299999237060548,1400.841552734375,0,0,-1,0,1,0,1,0,0,0.9725490212440491,0.9725490212440491,0.9725490212440491,256,1,1,0,0,0,0,0,0,0,0,1],[6,35,\"\",2,\"\",\"\",0,0,0,1,1,1,1,1,1],[0,2,\"\",21,2,1,-6.546029090881348,22.799999237060548,1389.841552734375,1,0,0,0,1,0,0,0,1,0.9725490212440491,0.9725490212440491,0.9725490212440491,256,1,1,0,0,0,0,0,0,0,0,1],[15,2,\"\",0],[0,38,\"\",1.5000009536743165,4.699999809265137,5.199999809265137,2.2039709091186525,19.549999237060548,1401.341552734375,0,0,1,0,1,-0,-1,0,0,0.06666667014360428,0.06666667014360428,0.06666667014360428,816,1,1,0,0,0,0,0,0,0,0,1],[6,39,\"\",4,\"\",\"\",0,0,0,1,1,1,1,1,1],[0,38,\"\",1.5000009536743165,4.699999809265137,5.199999809265137,2.2039709091186525,19.549999237060548,1389.341552734375,0,0,1,0,1,-0,-1,0,0,0.06666667014360428,0.06666667014360428,0.06666667014360428,816,1,1,0,0,0,0,0,0,0,0,1],[6,41,\"\",4,\"\",\"\",0,0,0,1,1,1,1,1,1],[0,2,\"\",0.09999990463256836,0.20000004768371583,4.59999942779541,9.553970336914063,21.099998474121095,1395.54150390625,1,0,0,0,1,0,0,0,1,0.06666667014360428,0.06666667014360428,0.06666667014360428,256,1,1,0,0,0,0,0,0,0,0,1],[0,2,\"\",9.800000190734864,6.820000171661377,0.4899999499320984,-10.046029090881348,26.299999237060548,1401.256591796875,1,0,0,0,1,0,0,0,1,0.9725490212440491,0.9725490212440491,0.9725490212440491,256,1,1,0,0,0,0,0,0,0,0,1],[8,44,\"\",\"rbxassetid://16176631332\",0,2],[0,2,\"\",12,2,0.19999998807907105,4.053970813751221,29.600000381469728,1395.341552734375,0,0,-1,0,1,0,1,0,0,0.9725490212440491,0.9725490212440491,0.9725490212440491,256,1,1,0,0,0,0,0,0,0,0,1],[6,46,\"\",2,\"\",\"\",0,0,0,1,1,1,1,1,1],[0,2,\"\",26,3,1,-4.046029090881348,20.299999237060548,1389.841552734375,1,0,0,0,1,0,0,0,1,0.9725490212440491,0.9725490212440491,0.9725490212440491,256,1,1,0,0,0,0,0,0,0,0,1],[0,2,\"\",1,5,1,3.4539709091186525,26.299999237060548,1389.841552734375,1,0,0,0,1,0,0,0,1,0.9725490212440491,0.9725490212440491,0.9725490212440491,256,1,1,0,0,0,0,0,0,0,0,1],[15,1,\"\",0],[0,50,\"\",14.5,11.300000190734864,11.699999809265137,-3.396029472351074,25.25,1395.2916259765626,1,0,0,0,1,0,0,0,1,0.10588235408067703,0.16470588743686677,0.2078431397676468,288,1,1,0,0,0,0,0,0,0,0,1],[0,50,\"\",0.39999961853027346,11.300000190734864,10.5,-12.946029663085938,25.25,1395.2916259765626,1,0,0,0,1,0,0,0,1,0.10588235408067703,0.16470588743686677,0.2078431397676468,288,1,1,0,0.800000011920929,0,0,0,0,0,0,1],[0,50,\"\",0.39999961853027346,11.300000190734864,10.5,-10.946029663085938,25.25,1395.2916259765626,1,0,0,0,1,0,0,0,1,0.10588235408067703,0.16470588743686677,0.2078431397676468,288,1,1,0,0.800000011920929,0,0,0,0,0,0,1],[0,50,\"\",0.39999961853027346,11.300000190734864,10.5,-11.346029281616211,25.25,