{"userId":658930916,"data":"{\"Version\":3,\"Items\":[[0,0,\"Radio\",11.604124069213868,7.926474571228027,0.002844765316694975,-72.74736022949219,579.5308837890625,894.8792114257813,0,0,1,0,1,-0,-1,0,0,0.6392157077789307,0.6352941393852234,0.6470588445663452,256,1,0,0,0,0,0,0,0,0,0,1]]}","version":1}