{"userId":658930916,"data":"{\"Version\":3,\"Items\":[[0,0,\"\",4,1,2,-145.85418701171876,99.04358673095703,156.13816833496095,1,0,0,0,1,0,0,0,1,0.6392157077789307,0.6352941393852234,0.6470588445663452,256,1,1,0,0,0,0,0,0,0,0,1],[0,0,\"\",5,2.1999998092651369,3,-145.7312774658203,101.04358673095703,156.0177001953125,1,0,0,0,1,0,0,0,1,0.6392157077789307,0.6352941393852234,0.6470588445663452,256,1,1,0,0,0,0,0,0,0,0,0]]}","version":3}