{"userId":658930916,"data":"{\"Version\":3,\"Items\":[[0,0,\"\",11.299994468688965,11.11884880065918,0.022464752197265626,11.248943328857422,221.2965087890625,234.19491577148438,0,-1,0,0,0,-1,1,0,0,1,0,0.7490196228027344,1568,1,0,0,0.10000000149011612,0,0,0,0,0,0,1]]}","version":1}