{"userId":658930916,"data":"{\"Version\":3,\"Items\":[[15,0,\"Basic Egg Shop\",0],[15,1,\"Gumball Machine\",31],[0,2,\"\",1.0265060663223267,6.159037113189697,1.0265060663223267,-190.4139862060547,108.92730712890625,-20.7009334564209,0.7556596398353577,-0.00014211010420694947,-0.6549645662307739,0.00014044958516024053,1,-0.00005493123171618208,0.6549645662307739,-0.000050480186473578218,0.755659818649292,0.6392157077789307,0.6352941393852234,0.6470588445663452,256,1,1,0,0,3,4,0,0,0,0,1],[0,2,\"FrontGlass\",1.0265060663223267,6.159037113189697,5.1325297355651859,-188.3965606689453,108.9273910522461,-23.025205612182618,0.7556596398353577,-0.00014211010420694947,-0.6549645662307739,0.00014044958516024053,1,-0.00005493123171618208,0.6549645662307739,-0.000050480186473578218,0.755659818649292,0.7686274647712708,0.1568627506494522,0.10980392247438431,256,1,1,0,0,3,4,0,0,0,0,1],[8,4,\"\",\"rbxassetid://1471846464\",0,0],[0,2,\"\",3.0795185565948488,1.0265060663223267,3.079517126083374,-188.1996612548828,102.20405578613281,-22.858156204223634,0.6550273299217224,-0.7556052803993225,-0.0001636030647205189,-0.000036836736398981887,-0.00024845264852046967,1,-0.7556053996086121,-0.6550272107124329,-0.00019057730969507247,0.10588235408067703,0.16470588743686677,0.2078431397676468,256,1,1,0,0,3,4,0,0,0,0,1],[0,2,\"\",3.0795185565948488,1.0265060663223267,3.079517126083374,-188.3558349609375,102.20405578613281,-22.993436813354493,0.6550273299217224,-0.7556052803993225,-0.0001636030647205189,-0.000036836736398981887,-0.00024845264852046967,1,-0.7556053996086121,-0.6550272107124329,-0.00019057730969507247,0.7686274647712708,0.1568627506494522,0.10980392247438431,256,1,1,0,0,3,4,0,0,0,0,1],[0,2,\"\",1.0265060663223267,2.104336738586426,1.0265060663223267,-187.97036743164063,102.84554290771485,-22.65688133239746,0.7556596398353577,-0.00014211010420694947,-0.6549645662307739,0.00014044958516024053,1,-0.00005493123171618208,0.6549645662307739,-0.000050480186473578218,0.755659818649292,0.6392157077789307,0.6352941393852234,0.6470588445663452,256,1,1,0,0,3,4,0,0,0,0,1],[0,2,\"\",3.0795185565948488,1.0265060663223267,3.079517126083374,-188.35568237304688,100.253662109375,-22.99297523498535,0.6550273299217224,-0.7556052803993225,-0.0001636030647205189,-0.000036836736398981887,-0.00024845264852046967,1,-0.7556053996086121,-0.6550272107124329,-0.00019057730969507247,0.7686274647712708,0.1568627506494522,0.10980392247438431,256,1,1,0,0,3,4,0,0,0,0,1],[0,2,\"\",1.0265060663223267,2.9255425930023195,3.079517126083374,-188.15972900390626,100.69002532958985,-22.826875686645509,0.7556596398353577,-0.00014211010420694947,-0.6549645662307739,0.00014044958516024053,1,-0.00005493123171618208,0.6549645662307739,-0.000050480186473578218,0.755659818649292,0.6392157077789307,0.6352941393852234,0.6470588445663452,256,1,1,0,0,3,4,0,0,0,0,1],[0,2,\"\",1.0265060663223267,6.159037113189697,1.0265060663223267,-186.37811279296876,108.92750549316406,-25.354982376098634,0.7556596398353577,-0.00014211010420694947,-0.6549645662307739,0.00014044958516024053,1,-0.00005493123171618208,0.6549645662307739,-0.000050480186473578218,0.755659818649292,0.6392157077789307,0.6352941393852234,0.6470588445663452,256,1,1,0,0,3,4,0,0,0,0,1],[0,2,\"\",5.1325297355651859,1.0265060663223267,5.1325297355651859,-190.72579956054688,104.30767822265625,-25.043378829956056,0.7556596398353577,-0.00014211010420694947,-0.6549645662307739,0.00014044958516024053,1,-0.00005493123171618208,0.6549645662307739,-0.000050480186473578218,0.755659818649292,0.6392157077789307,0.6352941393852234,0.6470588445663452,256,1,1,0,0,3,4,0,0,0,0,1],[0,2,\"\",7.185543060302734,1.0265060663223267,7.185543060302734,-190.72496032714845,99.17537689208985,-25.0430850982666,0.7556596398353577,-0.00014211010420694947,-0.6549645662307739,0.00014044958516024053,1,-0.00005493123171618208,0.6549645662307739,-0.000050480186473578218,0.755659818649292,0.6392157077789307,0.6352941393852234,0.6470588445663452,256,1,1,0,0,0,0,0,0,0,0,1],[0,2,\"Target\",7.185543060302734,3.079517126083374,7.185543060302734,-190.7252197265625,101.22837829589844,-25.043760299682618,0.7556596398353577,-0.00014211010420694947,-0.6549645662307739,0.00014044958516024053,1,-0.00005493123171618208,0.6549645662307739,-0.000050480186473578218,0.755659818649292,0.7686274647712708,0.1568627506494522,0.10980392247438431,256,1,1,0,0,0,4,0,0,0,0,1],[0,2,\"\",7.185543060302734,1.0265060663223267,7.185543060302734,-190.7256317138672,103.28119659423828,-25.04353141784668,0.7556596398353577,-0.00014211010420694947,-0.6549645662307739,0.00014044958516024053,1,-0.00005493123171618208,0.6549645662307739,-0.000050480186473578218,0.755659818649292,0.6392157077789307,0.6352941393852234,0.6470588445663452,256,1,1,0,0,0,4,0,0,0,0,1],[0,2,\"\",7.185543060302734,1.0265060663223267,7.185543060302734,-190.72610473632813,105.33415985107422,-25.043466567993165,0.7556596398353577,-0.00014211010420694947,-0.6549645662307739,0.00014044958516024053,1,-0.00005493123171618208,0.6549645662307739,-0.000050480186473578218,0.755659818649292,0.6392157077789307,0.6352941393852234,0.6470588445663452,256,1,1,0,0,0,0,0,0,0,0,1],[0,2,\"LeftGlass\",1.0265060663223267,6.159037113189697,5.1325297355651859,-192.73870849609376,108.92683410644531,-22.718019485473634,0.6549986004829407,-0.00014523947902489454,0.7556300759315491,1.640983100514859e-7,1,0.00019206748402211815,-0.7556302547454834,-0.0001256799150723964,0.6549985408782959,0.7686274647712708,0.1568627506494522,0.10980392247438431,256,1,1,0,0,3,4,0,0,0,0,1],[8,17,\"\",\"rbxassetid://1471846464\",0,3],[15,2,\"egg\",0],[0,19,\"Egg Ring\",2.4564828872680666,8.572751998901368,7.793415546417236,-191.1369171142578,119.6335678100586,-25.426313400268556,0.5888720154762268,-0.6726431846618652,-0.4480857849121094,-0.6046640872955322,-0.7345249652862549,0.3079846203327179,-0.5362942814826965,0.08957794308662415,-0.8392643928527832,0.2235294133424759,0.21960784494876862,0.2235294133424759,272,1,0,0,0,0,0,0,0,0,0,2],[0,19,\"Egg Mesh\",3.896707773208618,8.572751998901368,7.793415546417236,-191.12783813476563,119.6240463256836,-25.434667587280275,-0.6727591753005981,-0.588768482208252,-0.4480476975440979,-0.7344294190406799,0.6046878099441528,0.30816590785980227,0.0894906222820282,0.5363810062408447,-0.8392181396484375,0.9725490212440491,0.843137264251709,0.24313725531101228,1568,1,0,0,0,3,4,0,0,0,0,1],[6,21,\"\",5,\"http://www.roblox.com/asset/?id=1527559\",\"\",0,0,0,3.89670991897583,3.8967108726501467,3.8967103958129885,1,1,1],[0,2,\"\",1.0265064239501954,11.291565895080567,1.0265064239501954,-190.7243194580078,93.01632690429688,-25.042593002319337,0.7556596398353577,-0.00014211010420694947,-0.6549645662307739,0.00014044958516024053,1,-0.00005493123171618208,0.6549645662307739,-0.000050480186473578218,0.755659818649292,0.6392157077789307,0.6352941393852234,0.6470588445663452,256,1,1,0,0,3,4,0,0,0,0,1],[0,2,\"\",1.0265060663223267,6.159037113189697,1.0265060663223267,-195.0685577392578,108.92633819580078,-24.73638343811035,0.7556596398353577,-0.00014211010420694947,-0.6549645662307739,0.00014044958516024053,1,-0.00005493123171618208,0.6549645662307739,-0.000050480186473578218,0.755659818649292,0.6392157077789307,0.6352941393852234,0.6470588445663452,256,1,1,0,0,3,4,0,0,0,0,1],[0,2,\"RightGlass\",1.0265060663223267,6.159037113189697,5.1325297355651859,-188.70742797851563,108.9269790649414,-27.37372398376465,-0.6550143361091614,-0.00010992174065904692,-0.755616307258606,-0.000012163640349172056,1,-0.00013492874859366566,0.7556166052818298,-0.00007918923802208155,-0.6550143957138062,0.7686274647712708,0.1568627506494522,0.10980392247438431,256,1,1,0,0,3,4,0,0,0,0,1],[8,25,\"\",\"rbxassetid://1471846464\",0,3],[0,2,\"BackGlass\",1.0265060663223267,6.159037113189697,5.1325297355651859,-193.05148315429688,108.92647552490235,-27.061193466186525,-0.7556721568107605,-0.00014945925795473158,0.6549502611160278,-0.00011144893505843356,1,0.00009961128671420738,-0.6549502015113831,