{"userId":658930916,"data":"{\"Version\":3,\"Items\":[[0,0,\"\",4,1,2,-153.556640625,575.567626953125,246.60719299316407,1,0,0,0,1,0,0,0,1,0.6392157077789307,0.6352941393852234,0.6470588445663452,256,1,1,0,0,0,0,0,0,0,0,1]]}","version":3}