{"userId":669337896,"data":"{\"Version\":3,\"Items\":[[15,0,\"TestMap\",0],[15,1,\"Path\",0],[0,2,\"\",7,1.2000000476837159,44,-49.44285583496094,0,10.188854217529297,1,0,0,0,1,0,0,0,1,0.7921568751335144,0.7960784435272217,0.8196078538894653,256,1,1,0,0,3,0,0,0,0,0,1],[0,2,\"\",22,1.2000000476837159,7,-78.94285583496094,0,8.688854217529297,1,0,0,0,1,0,0,0,1,0.7921568751335144,0.7960784435272217,0.8196078538894653,256,1,1,0,0,3,0,0,0,0,0,1],[0,2,\"\",7,1.2000000476837159,18,-34.44285583496094,0,16.188854217529298,1,0,0,0,1,0,0,0,1,0.7921568751335144,0.7960784435272217,0.8196078538894653,256,1,1,0,0,3,0,0,0,0,0,1],[0,2,\"\",9,1.2000000476837159,7,-26.442855834960939,0,10.688854217529297,1,0,0,0,1,0,0,0,1,0.7921568751335144,0.7960784435272217,0.8196078538894653,256,1,1,0,0,3,0,0,0,0,0,1],[0,2,\"\",15,1.2000000476837159,7,-38.44285583496094,0,28.688854217529298,1,0,0,0,1,0,0,0,1,0.7921568751335144,0.7960784435272217,0.8196078538894653,256,1,1,0,0,3,0,0,0,0,0,1],[0,2,\"\",38,1.2000000476837159,7,-33.94285583496094,0,-15.311145782470704,1,0,0,0,1,0,0,0,1,0.7921568751335144,0.7960784435272217,0.8196078538894653,256,1,1,0,0,3,0,0,0,0,0,1],[0,2,\"\",7,1.2000000476837159,19,-25.442855834960939,0,-2.311145782470703,1,0,0,0,1,0,0,0,1,0.7921568751335144,0.7960784435272217,0.8196078538894653,256,1,1,0,0,3,0,0,0,0,0,1],[0,2,\"\",53,1.2000000476837159,7,-48.44285583496094,0,-41.3111457824707,1,0,0,0,1,0,0,0,1,0.7921568751335144,0.7960784435272217,0.8196078538894653,256,1,1,0,0,3,0,0,0,0,0,1],[0,2,\"\",7,1.2000000476837159,19,-25.442855834960939,0,-28.311145782470704,1,0,0,0,1,0,0,0,1,0.7921568751335144,0.7960784435272217,0.8196078538894653,256,1,1,0,0,3,0,0,0,0,0,1],[0,2,\"\",7,1.2000000476837159,52,-59.44285583496094,0,14.188854217529297,1,0,0,0,1,0,0,0,1,0.7921568751335144,0.7960784435272217,0.8196078538894653,256,1,1,0,0,3,0,0,0,0,0,1],[0,2,\"\",12,1.2000000476837159,7,-61.94285583496094,0,-15.311145782470704,1,0,0,0,1,0,0,0,1,0.7921568751335144,0.7960784435272217,0.8196078538894653,256,1,1,0,0,3,0,0,0,0,0,1],[0,2,\"\",7,1.2000000476837159,17,-86.44285583496094,0,-3.311145782470703,1,0,0,0,1,0,0,0,1,0.7921568751335144,0.7960784435272217,0.8196078538894653,256,1,1,0,0,3,0,0,0,0,0,1],[0,2,\"\",15,1.2000000476837159,7,-82.44285583496094,0,-15.311145782470704,1,0,0,0,1,0,0,0,1,0.7921568751335144,0.7960784435272217,0.8196078538894653,256,1,1,0,0,3,0,0,0,0,0,1],[0,2,\"\",7,1.2000000476837159,43,-71.44285583496094,0,-16.311145782470704,1,0,0,0,1,0,0,0,1,0.7921568751335144,0.7960784435272217,0.8196078538894653,256,1,1,0,0,3,0,0,0,0,0,1],[15,1,\"RetroTree\",0],[0,17,\"\",8,8,8,-42.54766845703125,11.600000381469727,11.350373268127442,1,0,0,0,1,0,0,0,1,0.35686275362968447,0.6039215922355652,0.2980392277240753,256,1,1,0,0,0,0,0,0,0,0,1],[6,18,\"\",3,\"\",\"\",0,0,0,1,1,1,1,1,1],[8,18,\"\",\"\",0,0],[0,17,\"\",2,12,2,-42.54766845703125,5.600000381469727,11.350373268127442,1,0,0,0,1,0,0,0,1,0.4156862795352936,0.2235294133424759,0.03529411926865578,256,1,1,0,0,0,0,0,0,0,0,1],[15,1,\"RetroTree\",0],[0,22,\"\",8,8,8,-35.147666931152347,11.600000381469727,-33.24962615966797,1,0,0,0,1,0,0,0,1,0.35686275362968447,0.6039215922355652,0.2980392277240753,256,1,1,0,0,0,0,0,0,0,0,1],[6,23,\"\",3,\"\",\"\",0,0,0,1,1,1,1,1,1],[8,23,\"\",\"\",0,0],[0,22,\"\",2,12,2,-35.147666931152347,5.600000381469727,-33.24962615966797,1,0,0,0,1,0,0,0,1,0.4156862795352936,0.2235294133424759,0.03529411926865578,256,1,1,0,0,0,0,0,0,0,0,1],[15,1,\"RetroTree\",0],[0,27,\"\",8,8,8,-77.94766998291016,11.600000381469727,-34.649627685546878,1,0,0,0,1,0,0,0,1,0.35686275362968447,0.6039215922355652,0.2980392277240753,256,1,1,0,0,0,0,0,0,0,0,1],[6,28,\"\",3,\"\",\"\",0,0,0,1,1,1,1,1,1],[8,28,\"\",\"\",0,0],[0,27,\"\",2,12,2,-77.94766998291016,5.600000381469727,-34.649627685546878,1,0,0,0,1,0,0,0,1,0.4156862795352936,0.2235294133424759,0.03529411926865578,256,1,1,0,0,0,0,0,0,0,0,1],[15,1,\"RetroTree\",0],[0,32,\"\",8,8,8,-82.54766845703125,11.600000381469727,-26.04962921142578,1,0,0,0,1,0,0,0,1,0.35686275362968447,0.6039215922355652,0.2980392277240753,256,1,1,0,0,0,0,0,0,0,0,1],[6,33,\"\",3,\"\",\"\",0,0,0,1,1,1,1,1,1],[8,33,\"\",\"\",0,0],[0,32,\"\",2,12,2,-82.54766845703125,5.600000381469727,-26.04962921142578,1,0,0,0,1,0,0,0,1,0.4156862795352936,0.2235294133424759,0.03529411926865578,256,1,1,0,0,0,0,0,0,0,0,1],[15,1,\"RetroTree\",0],[0,37,\"\",8,8,8,-69.54766845703125,11.600000381469727,-49.84962463378906,1,0,0,0,1,0,0,0,1,0.35686275362968447,0.6039215922355652,0.2980392277240753,256,1,1,0,0,0,0,0,0,0,0,1],[6,38,\"\",3,\"\",\"\",0,0,0,1,1,1,1,1,1],[8,38,\"\",\"\",0,0],[0,37,\"\",2,12,2,-69.54766845703125,5.600000381469727,-49.84962463378906,1,0,0,0,1,0,0,0,1,0.4156862795352936,0.2235294133424759,0.03529411926865578,256,1,1,0,0,0,0,0,0,0,0,1],[15,1,\"RetroTree\",0],[0,42,\"\",8,8,8,-86.14766693115235,11.600000381469727,-39.649627685546878,1,0,0,0,1,0,0,0,1,0.35686275362968447,0.6039215922355652,0.2980392277240753,256,1,1,0,0,0,0,0,0,0,0,1],[6,43,\"\",3,\"\",\"\",0,0,0,1,1,1,1,1,1],[8,43,\"\",\"\",0,0],[0,42,\"\",2,12,2,-86.14766693115235,5.600000381469727,-39.649627685546878,1,0,0,0,1,0,0,0,1,0.4156862795352936,0.2235294133424759,0.03529411926865578,256,1,1,0,0,0,0,0,0,0,0,1],[0,1,\"\",3.700000047683716,9.100000381469727,11.399999618530274,-16.403772354125978,4.550000190734863,-15.18673324584961,1,0,0,0,1,0,0,0,1,0.38823530077934267,0.37254902720451357,0.3843137323856354,800,1,1,0,0,0,0,0,0,0,0,1],[0,1,\"\",3.1999998092651369,7.800000190734863,9.59999942779541,-17.053773880004884,3.9000000953674318,-15.586732864379883,1,0,0,0,1,0,0,0,1,0.06666667014360428,0.06666667014360428,0.06666667014360428,800,1,1,0,0,0,0,0,0,0,0,1],[8,48,\"\",\"rbxassetid://16176631332\",0,0],[0,1,\"Ground\",76,1,98,-52.94285583496094,0,-8.811145782470704,1,0,0,0,1,0,0,0,1,0.35686275362968447,0.6039215922355652,0.2980392277240753,256,1,1,0,0,3,0,0,0,0,0,1],[15,1,\"RetroTree\",0],[0,51,\"\",8,8,8,-81.54766845703125,11.600000381469727,-48.24962615966797,1,0,0,0,1,0,0,0,1,0.35686275362968447,0.6039215922355652,0.2980392277240753,256,1,1,0,0,0,0,0,0,0,0,1],[6,52,\"\",3,\"\",\"\",0,0,0,1,1,1,1,1,1],[8,52,\"\",\"\",0,0],[0,51,\"\",2,12,2,-81.54766845703125,5.600000381469727,-48.24962615966797,1,0,0,0,1,0,0,0,1,0.4156862795352936,0.2235294133424759,0.03529411926865578,256,1,1,0,0,0,0,0,0,0,0,1]]}","version":1}