{"userId":658930916,"data":"{\"Version\":3,\"Items\":[[0,0,\"Honey\",19.96935272216797,19.96935272216797,1.597548246383667,-196.92857360839845,586.3743286132813,102.26565551757813,-0.6175227761268616,0,-0.7865527868270874,0,1,0,0.7865527868270874,0,-0.6175227761268616,0.10588235408067703,0.16470588743686677,0.2078431397676468,256,1,1,0,0,0,0,0,0,0,0,1],[0,1,\"Backboard\",21.61482810974121,23.13249969482422,1.9170575141906739,-197.55392456054688,585.9338989257813,101.93608093261719,-0.6175209283828735,0,-0.7865487337112427,0,1,0,0.7865487337112427,0,-0.6175209283828735,0.5137255191802979,0.29019609093666079,0.10196078568696976,528,1,1,0,0,0,0,0,0,0,0,1],[1,1,\"\",1.7001625299453736,13.580541610717774,11.215628623962403,-201.9662322998047,581.5052490234375,98.3791732788086,0.6403728723526001,0,0.7680597901344299,0,1,0,-0.7680597901344299,0,0.6403728723526001,0.5137255191802979,0.29019609093666079,0.10196078568696976,528,1,1,0,0,0,0,0,0,0,0]]}","version":3}