{"userId":658930916,"data":"{\"Version\":3,\"Items\":[[0,0,\"\",4,1,2,-55.25,7.910468101501465,1385.699951171875,1,0,0,0,1,0,0,0,1,0.6392157077789307,0.6352941393852234,0.6470588445663452,256,1,1,0,0,0,0,0,0,0,0,1],[6,1,\"\",5,\"rbxassetid://95474499246496\",\"\",0,0,0,1,1,1,1,1,1]]}","version":1}