{"userId":669337896,"data":"{\"Version\":3,\"Items\":[[15,0,\"Tiny Box\",0],[0,1,\"\",2.0999999046325685,0.2999998927116394,0.20000001788139344,16.43750762939453,7.222682476043701,1410.40380859375,1,0,0,0,1,0,0,0,1,0.9921568632125855,0.9176470637321472,0.5529412031173706,256,1,1,0,0.4000000059604645,0,0,0,0,0,0,1],[0,1,\"\",2,1,1.2999999523162842,16.43750762939453,6.8326826095581059,1410.40380859375,1,0,0,0,1,0,0,0,1,0.7372549176216126,0.6078431606292725,0.364705890417099,256,1,1,0,0,0,0,0,0,0,0,1],[8,3,\"\",\"rbxassetid://105721306564535\",0,3]]}","version":1}