{"userId":4779209434,"data":"{\"Version\":3,\"Items\":[[15,0,\"Tiny BoxMan\",0],[15,1,\"Tiny Box\",0],[0,2,\"\",2.0999999046325685,0.2999998927116394,0.20000001788139344,-10.888290405273438,3.6779990196228029,1425.7935791015626,1,0,0,0,1,0,0,0,1,0.9921568632125855,0.9176470637321472,0.5529412031173706,256,1,1,0,0.4000000059604645,0,0,0,0,0,0,1],[0,2,\"\",2,1,1.2999999523162842,-10.888290405273438,3.2879996299743654,1425.7935791015626,1,0,0,0,1,0,0,0,1,0.7372549176216126,0.6078431606292725,0.364705890417099,256,1,1,0,0,0,0,0,0,0,0,1],[8,4,\"\",\"rbxassetid://105721306564535\",0,3],[15,1,\"Cutter\",0],[0,6,\"Right Arm\",0.6489999890327454,1.2979999780654908,0.6489999890327454,-10.942288398742676,2.413999557495117,1424.8101806640626,1,0,0,0,1,0,0,0,1,0.7372549176216126,0.6078431606292725,0.364705890417099,256,1,1,0,0,0,0,0,0,0,0,1],[6,7,\"\",5,\"rbxassetid://12300894421\",\"\",0,0,0,0.6923076510429382,0.6538462042808533,0.6923076510429382,1,1,1],[0,6,\"Left Arm\",0.6489999890327454,1.2979999780654908,0.6489999890327454,-10.942288398742676,2.413999557495117,1426.710205078125,1,0,0,0,1,0,0,0,1,0.7372549176216126,0.6078431606292725,0.364705890417099,256,1,1,0,0,0,0,0,0,0,0,1],[6,9,\"\",5,\"rbxassetid://12300894421\",\"\",0,0,0,0.6923076510429382,0.6538462042808533,0.6923076510429382,1,1,1],[0,6,\"Left  Leg\",0.6489999890327454,1.2979999780654908,0.6489999890327454,-10.942288398742676,1.1490001678466797,1426.1141357421876,1,0,0,0,1,0,0,0,1,0.7372549176216126,0.6078431606292725,0.364705890417099,256,1,1,0,0,0,0,0,0,0,0,1],[6,11,\"\",5,\"rbxassetid://12300894421\",\"\",0,0,0,0.6923076510429382,0.6538462042808533,0.6923076510429382,1,1,1],[0,6,\"Right  Leg\",0.6489999890327454,1.2979999780654908,0.6489999890327454,-10.942288398742676,1.1490001678466797,1425.462158203125,1,0,0,0,1,0,0,0,1,0.7372549176216126,0.6078431606292725,0.364705890417099,256,1,1,0,0,0,0,0,0,0,0,1],[6,13,\"\",5,\"rbxassetid://12300894421\",\"\",0,0,0,0.6923076510429382,0.6538462042808533,0.6923076510429382,1,1,1],[0,6,\"Head\",0.7979999780654907,0.7900000214576721,0.7889999747276306,-10.939290046691895,3.3929996490478517,1425.7880859375,1,0,0,0,1,0,0,0,1,0.7372549176216126,0.6078431606292725,0.364705890417099,256,1,1,0,0,0,0,0,0,0,0,1],[6,15,\"\",5,\"rbxassetid://4664309124\",\"\",0,0,0,0.6923076510429382,0.6538462042808533,0.6923076510429382,1,1,1],[0,6,\"Torso\",1.2262508869171143,1.297337293624878,0.6489948034286499,-10.942856788635254,2.413606643676758,1425.7757568359376,0,0,1,0,1,-0,-1,0,0,0.7372549176216126,0.6078431606292725,0.364705890417099,256,1,1,0,0,0,0,0,0,0,0,1],[6,17,\"\",5,\"rbxassetid://12300893522\",\"\",0,0,0,0.6524052023887634,0.6538462042808533,0.6923076510429382,1,1,1]]}","version":1}