{"userId":658930916,"data":"{\"Version\":3,\"Items\":[[15,0,\"ExportableDummy\",0],[0,1,\"Right Arm\",0.6489999890327454,1.2979999780654908,0.6489999890327454,1.2072066068649293,2.4140000343322756,1427.5101318359376,1,0,0,0,1,0,0,0,1,0.9176470637321472,0.7215686440467835,0.572549045085907,256,1,1,0,0,0,0,0,0,0,0,1],[6,2,\"\",5,\"rbxassetid://12300894421\",\"\",0,0,0,0.6923076510429382,0.6538462042808533,0.6923076510429382,1,1,1],[0,1,\"Left Arm\",0.6489999890327454,1.2979999780654908,0.6489999890327454,1.2072066068649293,2.4140000343322756,1429.41015625,1,0,0,0,1,0,0,0,1,0.9176470637321472,0.7215686440467835,0.572549045085907,256,1,1,0,0,0,0,0,0,0,0,1],[6,4,\"\",5,\"rbxassetid://12300894421\",\"\",0,0,0,0.6923076510429382,0.6538462042808533,0.6923076510429382,1,1,1],[0,1,\"Left  Leg\",0.6489999890327454,1.2979999780654908,0.6489999890327454,1.2072066068649293,1.1490000486373902,1428.8140869140626,1,0,0,0,1,0,0,0,1,0.22745098173618318,0.4901960790157318,0.08235294371843338,256,1,1,0,0,0,0,0,0,0,0,1],[6,6,\"\",5,\"rbxassetid://12300894421\",\"\",0,0,0,0.6923076510429382,0.6538462042808533,0.6923076510429382,1,1,1],[0,1,\"Right  Leg\",0.6489999890327454,1.2979999780654908,0.6489999890327454,1.2072066068649293,1.1490000486373902,1428.162109375,1,0,0,0,1,0,0,0,1,0.22745098173618318,0.4901960790157318,0.08235294371843338,256,1,1,0,0,0,0,0,0,0,0,1],[6,8,\"\",5,\"rbxassetid://12300894421\",\"\",0,0,0,0.6923076510429382,0.6538462042808533,0.6923076510429382,1,1,1],[0,1,\"Head\",0.7979999780654907,0.7900000214576721,0.7889999747276306,1.2102065086364747,3.3929998874664308,1428.488037109375,1,0,0,0,1,0,0,0,0.9999973177909851,0.9176470637321472,0.7215686440467835,0.572549045085907,256,1,1,0,0,0,0,0,0,0,0,1],[6,10,\"\",5,\"rbxassetid://4664309124\",\"\",0,0,0,0.6923076510429382,0.6538462042808533,0.6923076510429382,1,1,1],[0,1,\"Torso\",1.2262508869171143,1.297337293624878,0.6489948034286499,1.206639289855957,2.413607120513916,1428.4757080078126,0,0,1,0,1,-0,-1,0,0,0.22745098173618318,0.4901960790157318,0.08235294371843338,256,1,1,0,0,0,0,0,0,0,0,1],[6,12,\"\",5,\"rbxassetid://12300893522\",\"\",0,0,0,0.6524052023887634,0.6538462042808533,0.6923076510429382,1,1,1]]}","version":1}