{"userId":669337896,"data":"{\"Version\":3,\"Items\":[[15,0,\"\",0],[15,0,\"\",0],[0,1,\"\",2.5999999046325685,1.5999999046325684,2.1999998092651369,-8.142855644226075,4.407689094543457,1363.1031494140626,1,0,0,0,1,0,0,0,1,0.38823530077934267,0.37254902720451357,0.3843137323856354,256,1,1,0,0,0,0,0,0,0,0,1],[0,1,\"\",1,2,1,-5.4428558349609379,1.5,1363.888916015625,1,0,0,0,1,0,0,0,1,0,0.125490203499794,0.3764705955982208,256,1,1,0,0,0,0,0,0,0,0,1],[0,1,\"\",4.199999809265137,1.2999999523162842,1.3999998569488526,-8.942854881286621,4.257688999176025,1363.10302734375,1,0,0,0,1,0,0,0,1,0.38823530077934267,0.37254902720451357,0.3843137323856354,256,1,1,0,0,0,0,0,0,0,0,1],[0,1,\"\",1.0999999046325684,0.10000002384185791,0.5,-8.242855072021485,5.257689476013184,1363.403076171875,1,0,0,0,1,0,0,0,1,1,0,0,256,1,1,0,0,0,0,0,0,0,0,1],[0,1,\"\",4,1,2,-5.4428558349609379,5.09999942779541,1363.388916015625,1,0,0,0,1,0,0,0,1,1,0.800000011920929,0.6000000238418579,256,1,0,0,0,0,0,0,0,0,0,1],[6,7,\"\",0,\"\",\"\",0,0,0,0.699999988079071,1.399999976158142,0.699999988079071,1,1,1],[0,1,\"\",1,2,1,-6.242856025695801,3.499999523162842,1364.18896484375,-0.2500840425491333,0.9329944849014282,-0.25880348682403567,-0.9659044742584229,-0.25889885425567629,0.00002346932888031006,-0.06698201596736908,0.24998532235622407,0.9659299850463867,1,0.800000011920929,0.6000000238418579,256,1,1,0,0,0,0,0,0,0,0,1],[0,1,\"\",1,2,1,-6.042855739593506,4.1999993324279789,1361.888916015625,-0.2500840425491333,0.9329944849014282,0.25880348682403567,-0.9659044742584229,-0.25889885425567629,-0.00002346932888031006,0.06698201596736908,-0.24998532235622407,0.9659299850463867,1,0.800000011920929,0.6000000238418579,256,1,1,0,0,0,0,0,0,0,0,1],[0,1,\"\",1,2,1,-5.443000793457031,1.5,1362.888916015625,1,0,0,0,1,0,0,0,1,0,0.125490203499794,0.3764705955982208,256,1,1,0,0,0,0,0,0,0,0,1],[0,1,\"\",1,2,2,-5.4428558349609379,3.499999523162842,1363.388916015625,1,0,0,0,1,0,0,0,1,1,1,0,256,1,1,0,0,0,0,0,0,0,0,1],[0,2,\"\",1,2,1,-7.642856121063232,4.09999942779541,1367.0888671875,0,1,-0,-1,0,0,0,0,1,0.38823530077934267,0.37254902720451357,0.3843137323856354,1056,1,1,0,0,0,0,0,0,0,0,1],[0,2,\"\",1,2,2,-6.742856025695801,3.499999523162842,1368.5888671875,1,0,0,0,1,0,0,0,1,0.38823530077934267,0.37254902720451357,0.3843137323856354,1056,1,1,0,0,0,0,0,0,0,0,1],[0,2,\"\",4,1,2,-6.742856025695801,5.09999942779541,1368.5888671875,1,0,0,0,1,0,0,0,1,0.38823530077934267,0.37254902720451357,0.3843137323856354,1056,1,0,0,0,0,0,0,0,0,0,1],[6,15,\"\",0,\"\",\"\",0,0,0,0.699999988079071,1.399999976158142,0.699999988079071,1,1,1],[0,2,\"\",0.800000011920929,0.10000001639127732,0.7999999523162842,-8.692856788635254,4.099998950958252,1367.0888671875,0,1,-0,-1,0,0,0,0,1,1,0,0,288,1,1,0,0,0,0,0,0,0,0,1],[0,2,\"\",1,2,1,-6.742856025695801,1.5,1369.0888671875,1,0,0,0,1,0,0,0,1,0.38823530077934267,0.37254902720451357,0.3843137323856354,1056,1,1,0,0,0,0,0,0,0,0,1],[0,2,\"\",1,2,1,-6.742856025695801,3.499999523162842,1370.0888671875,1,0,0,0,1,0,0,0,1,0.38823530077934267,0.37254902720451357,0.3843137323856354,1056,1,1,0,0,0,0,0,0,0,0,1],[0,2,\"\",1,2,1,-6.7430009841918949,1.5,1368.0888671875,1,0,0,0,1,0,0,0,1,0.38823530077934267,0.37254902720451357,0.3843137323856354,1056,1,1,0,0,0,0,0,0,0,0,1]]}","version":1}