{"userId":669337896,"data":"{\"Version\":3,\"Items\":[[15,0,\"\",0],[15,1,\"\",0],[0,2,\"\",4.299999713897705,1,4.5,-12.825047492980957,0.5,1374.8939208984376,1,0,0,0,1,0,0,0,1,0.4156862795352936,0.2235294133424759,0.03529411926865578,832,1,1,0,0,0,0,0,0,0,0,1],[0,2,\"\",1,2,1,-13.262849807739258,2.1000008583068849,1373.388916015625,0.9659296274185181,0.2588047981262207,0,-0.2588047981262207,0.9659296274185181,-0,-0,0,1,0.4156862795352936,0.2235294133424759,0.03529411926865578,832,1,1,0,0,0,0,0,0,0,0,1],[0,2,\"\",4,1,2,-13.062849998474121,3.700000286102295,1374.888916015625,0.9659296274185181,-0.2588047981262207,0,0.2588047981262207,0.9659296274185181,0,0,0,1,0.4156862795352936,0.2235294133424759,0.03529411926865578,832,1,0,0,0,0,0,0,0,0,0,1],[6,5,\"\",0,\"\",\"\",0,0,0,0.699999988079071,1.399999976158142,0.699999988079071,1,1,1],[0,2,\"\",1,2,2,-12.862850189208985,2.1000008583068849,1374.888916015625,1,0,0,0,1,0,0,0,1,0.6274510025978088,0.37254902720451357,0.2078431397676468,256,1,1,0,0,0,0,0,0,0,0,1],[0,2,\"\",1,2,1,-12.862850189208985,2.1000008583068849,1376.388916015625,1,0,0,0,1,0,0,0,1,0.4156862795352936,0.2235294133424759,0.03529411926865578,832,1,1,0,0,0,0,0,0,0,0,1],[15,1,\"\",0],[0,9,\"\",4,1,2,-13.662850379943848,5.100000381469727,1384.7889404296876,1,0,0,0,1,0,0,0,1,1,0.800000011920929,0.6000000238418579,256,1,0,0,0,0,0,0,0,0,0,1],[6,10,\"\",0,\"\",\"\",0,0,0,0.699999988079071,1.399999976158142,0.699999988079071,1,1,1],[0,9,\"\",1,2,1,-14.862850189208985,3.5000009536743166,1385.9888916015626,0.000012755393981933594,0.9659388661384583,-0.2587701976299286,-0.9999999403953552,0.000012755393981933594,-0.0000016689300537109376,0.0000016689300537109376,0.2587701976299286,0.965938925743103,1,0.800000011920929,0.6000000238418579,256,1,1,0,0,0,0,0,0,0,0,1],[0,9,\"\",1,2,2,-13.662850379943848,3.5000009536743166,1384.7889404296876,1,0,0,0,1,0,0,0,1,0.10588235408067703,0.16470588743686677,0.2078431397676468,256,1,1,0,0,0,0,0,0,0,0,1],[0,9,\"\",1,2,1,-13.662850379943848,5.100000858306885,1382.9888916015626,-1.000000238418579,0,0,0,-0.8660074472427368,0.5000314116477966,0,0.5000314116477966,0.8660072684288025,1,0.800000011920929,0.6000000238418579,256,1,1,0,0,0,0,0,0,0,0,1],[0,9,\"\",4,3.200000047683716,7.400000095367432,-16.221302032470704,1.600000023841858,1383.4305419921876,1,0,0,0,1,0,0,0,1,0.06666667014360428,0.06666667014360428,0.06666667014360428,256,1,1,0,0,0,0,0,0,0,0,1],[0,9,\"\",1,2,1,-13.662850379943848,1.5,1385.2889404296876,1,0,0,0,1,0,0,0,1,0,0.125490203499794,0.3764705955982208,256,1,1,0,0,0,0,0,0,0,0,1],[0,9,\"\",2.700000047683716,1.7000000476837159,2.4000000953674318,-16.07130241394043,4.050000190734863,1381.4305419921876,1,0,0,0,1,0,0,0,1,0.4156862795352936,0.2235294133424759,0.03529411926865578,256,1,1,0,0,0,0,0,0,0,0,1],[0,9,\"\",1,2,1,-13.662995338439942,1.5,1384.2889404296876,1,0,0,0,1,0,0,0,1,0,0.125490203499794,0.3764705955982208,256,1,1,0,0,0,0,0,0,0,0,1],[15,1,\"\",0],[0,19,\"\",4,1,2,-12.962850570678711,9.600000381469727,1369.4888916015626,1,0,0,0,1,0,0,0,1,1,0.800000011920929,0.6000000238418579,256,1,0,0,0,0,0,0,0,0,0,1],[6,20,\"\",0,\"\",\"\",0,0,0,0.699999988079071,1.399999976158142,0.699999988079071,1,1,1],[0,19,\"\",1,2,1,-12.962850570678711,8.000000953674317,1367.9888916015626,1,0,0,0,1,0,0,0,1,1,0.800000011920929,0.6000000238418579,256,1,1,0,0,0,0,0,0,0,0,1],[0,19,\"\",0.699999988079071,6.599999904632568,0.699999988079071,-13.012995719909668,3.6999998092651369,1370.2388916015626,1,0,0,0,1,0,0,0,1,0.4156862795352936,0.2235294133424759,0.03529411926865578,256,1,1,0,0,0,0,0,0,0,0,1],[0,19,\"\",1,2,1,-12.962850570678711,6,1369.9888916015626,1,0,0,0,1,0,0,0,1,0,0.125490203499794,0.3764705955982208,256,1,1,0,0,0,0,0,0,0,0,1],[0,19,\"\",0.699999988079071,6.599999904632568,0.699999988079071,-13.012995719909668,3.6999998092651369,1368.739013671875,1,0,0,0,1,0,0,0,1,0.4156862795352936,0.2235294133424759,0.03529411926865578,256,1,1,0,0,0,0,0,0,0,0,1],[0,19,\"\",1,2,2,-12.962850570678711,8.000000953674317,1369.4888916015626,1,0,0,0,1,0,0,0,1,0,1,1,256,1,1,0,0,0,0,0,0,0,0,1],[0,19,\"\",1,2,1,-12.962850570678711,8.000000953674317,1370.9888916015626,1,0,0,0,1,0,0,0,1,1,0.800000011920929,0.6000000238418579,256,1,1,0,0,0,0,0,0,0,0,1],[0,19,\"\",1,2,1,-12.962995529174805,6,1368.9888916015626,1,0,0,0,1,0,0,0,1,0,0.125490203499794,0.3764705955982208,256,1,1,0,0,0,0,0,0,0,0,1]]}","version":1}