{"userId":658930916,"data":"{\"Version\":3,\"Items\":[[15,0,\"\",0],[15,0,\"\",0],[15,0,\"\",0],[15,0,\"\",0],[0,1,\"\",1,2,1,-20.04285430908203,1.5000001192092896,1420.3890380859376,1,0,0,0,1,0,0,0,1,0,0.125490203499794,0.3764705955982208,256,1,1,0,0,0,0,0,0,0,0,1],[0,1,\"\",2,1,2,-20.04285430908203,5.099999904632568,1419.8890380859376,1,0,0,0,1,0,0,0,1,1,0.800000011920929,0.6000000238418579,256,1,0,0,0,0,0,0,0,0,0,1],[6,6,\"\",0,\"\",\"\",0,0,0,0.699999988079071,1.399999976158142,0.699999988079071,1,1,1],[0,1,\"\",0.40000003576278689,1.9000000953674317,0.4000000059604645,-22.192855834960939,4.600000381469727,1420.1888427734376,0,1,-0,-1,0,0,0,0,1,0.38823530077934267,0.37254902720451357,0.3843137323856354,1056,1,1,0,0,0,0,0,0,0,0,1],[0,1,\"\",1,2,1,-20.042999267578126,1.5,1419.3890380859376,1,0,0,0,1,0,0,0,1,0,0.125490203499794,0.3764705955982208,256,1,1,0,0,0,0,0,0,0,0,1],[0,1,\"\",0.20000004768371583,1.5000001192092896,0.4000000059604645,-22.087934494018556,4.171888828277588,1420.1888427734376,-0.3419438600540161,0.9397205114364624,0,-0.9397205114364624,-0.3419438600540161,0,0,0,1,0.38823530077934267,0.37254902720451357,0.3843137323856354,1056,1,1,0,0,0,0,0,0,0,0,1],[0,1,\"\",1,2,1,-21.04285430908203,3.9000000953674318,1420.589111328125,0.000012755393981933594,0.9659388661384583,-0.2587701976299286,-0.9999999403953552,0.000012755393981933594,-0.0000016689300537109376,0.0000016689300537109376,0.2587701976299286,0.965938925743103,1,0.800000011920929,0.6000000238418579,256,1,1,0,0,0,0,0,0,0,0,1],[0,1,\"\",1,2,2,-20.04285430908203,3.500000238418579,1419.8890380859376,1,0,0,0,1,0,0,0,1,0,0.062745101749897,0.6901960968971252,256,1,1,0,0,0,0,0,0,0,0,1],[0,1,\"\",1,2,1,-20.84285545349121,3.9000000953674318,1419.2890625,-0.000020623207092285157,0.8660401701927185,0.4999745488166809,-1.0000001192092896,-0.000020623207092285157,-0.000005498528480529785,0.000005498528480529785,-0.4999745488166809,0.8660401105880737,1,0.800000011920929,0.6000000238418579,256,1,1,0,0,0,0,0,0,0,0,1],[0,2,\"\",1,2,1,-20.04285430908203,1.5000001192092896,1410.989013671875,1,0,0,0,1,0,0,0,1,0,0.125490203499794,0.3764705955982208,256,1,1,0,0,0,0,0,0,0,0,1],[0,2,\"\",1,2,1,-20.04285430908203,3.5,1411.989013671875,1,0,0,0,1,0,0,0,1,1,0.800000011920929,0.6000000238418579,256,1,1,0,0,0,0,0,0,0,0,1],[0,2,\"\",4,1,2,-20.04285430908203,5.099999904632568,1410.489013671875,1,0,0,0,1,0,0,0,1,1,0.800000011920929,0.6000000238418579,256,1,0,0,0,0,0,0,0,0,0,1],[6,16,\"\",0,\"\",\"\",0,0,0,0.699999988079071,1.399999976158142,0.699999988079071,1,1,1],[0,2,\"\",1,2,1,-20.04285430908203,3.5,1408.989013671875,1,0,0,0,1,0,0,0,1,1,0.800000011920929,0.6000000238418579,256,1,1,0,0,0,0,0,0,0,0,1],[0,2,\"\",1,2,2,-20.04285430908203,3.500000238418579,1410.489013671875,1,0,0,0,1,0,0,0,1,0.35686275362968447,0.6039215922355652,0.2980392277240753,256,1,1,0,0,0,0,0,0,0,0,1],[0,2,\"\",1,2,1,-20.042999267578126,1.5,1409.989013671875,1,0,0,0,1,0,0,0,1,0,0.125490203499794,0.3764705955982208,256,1,1,0,0,0,0,0,0,0,0,1],[0,3,\"\",1,2,1,-20.04285430908203,3.5,1422.5889892578126,1,0,0,0,1,0,0,0,1,0.06666667014360428,0.06666667014360428,0.06666667014360428,256,1,1,0,0,0,0,0,0,0,0,1],[0,3,\"\",1.1999999284744263,2.799999952316284,0.40000003576278689,-23.342853546142579,2.3999998569488527,1422.6888427734376,1,0,0,0,1,0,0,0,1,0.9725490212440491,0.9725490212440491,0.9725490212440491,256,1,1,0,0,0,0,0,0,0,0,1],[0,3,\"\",4,1,2,-20.04285430908203,5.099999904632568,1424.0889892578126,1,0,0,0,1,0,0,0,1,0.06666667014360428,0.06666667014360428,0.06666667014360428,256,1,0,0,0,0,0,0,0,0,0,1],[6,23,\"\",0,\"\",\"\",0,0,0,0.699999988079071,1.399999976158142,0.699999988079071,1,1,1],[0,3,\"\",1,2,2,-20.04285430908203,3.500000238418579,1424.0889892578126,1,0,0,0,1,0,0,0,1,0.06666667014360428,0.06666667014360428,0.06666667014360428,256,1,1,0,0,0,0,0,0,0,0,1],[0,3,\"\",1,2,1,-20.04285430908203,1.5000001192092896,1424.5889892578126,1,0,0,0,1,0,0,0,1,0.9725490212440491,0.9725490212440491,0.9725490212440491,256,1,1,0,0,0,0,0,0,0,0,1],[0,3,\"\",1,2,1,-20.042999267578126,1.5,1423.5889892578126,1,0,0,0,1,0,0,0,1,0.9725490212440491,0.9725490212440491,0.9725490212440491,256,1,1,0,0,0,0,0,0,0,0,1],[0,3,\"\",1.5999999046325684,2.0999999046325685,0.9000000357627869,-23.54285430908203,2.749999761581421,1422.7388916015626,1,0,0,0,1,0,0,0,1,0.9725490212440491,0.9725490212440491,0.9725490212440491,256,1,1,0,0,0,0,0,0,0,0,1],[0,3,\"\",4.5,0.49999991059303286,0.30000001192092898,-21.79285430908203,3.049999952316284,1422.638916015625,1,0,0,0,1,0,0,0,1,0.06666667014360428,0.06666667014360428,0.06666667014360428,256,1,1,0,0,0,0,0,0,0,0,1],[0,3,\"\",1,2,1,-20.04285430908203,3.5,1425.5889892578126,1,0,0,0,1,0,0,0,1,0.06666667014360428,0.06666667014360428,0.06666667014360428,256,1,1,0,0,0,0,0,0,0,0,1],[0,4,\"\",4,1,2,-20.04285430908203,4.900000095367432,1415.18896484375,1,0,0,0,1,0,0,0,1,1,0.800000011920929,0.6000000238418579,256,1,0,0,0,0,0,0,0,0,0,1],[6,31,\"\",0,\"\",\"\",0,0,0,0.699999988079071,1.399999976158142,0.699999988079071,1,1,1],[0,4,\"\",2.4000000953674318,0.2000001072883606,0.30000001192092898,-21.40701675415039,4.146707057952881,1416.638916015625,0.2588643431663513,0.965913712978363,0,-0.965913712978363,0.2588643431663513,-0,-0,0,1,0.9725490212440491,0.9725490212440491,0.9725490212440491,256,1,1,0,0,0,0,0,0,0,0,1],[0,4,\"\",1,2,1,-20.742855072021486,3.5999999046325685,1416.68896484375,0.2588643431663513,0.965913712978363,0,-0.965913712978363,0.2588643431663513,-0,-0,0,1,1,0.800000011920929,0.6000000238418579,256,1,1,0,0,0,0,0,0,0,0,1],[0,4,\"\",1,1.7999999523162842,1,-20.04285430908203,1.4000000953674317,1414.68896484375,1,0,0,0,1,0,0,0,1,0,0.125490203499794,0.3764705955982208,256,1,1,0,0,0,0,0,0,0,0,1],[0,4,\"\",1,2,1,-20.04285430908203,3.299999952316284,1413.68896484375,1,0,0,0,1,0,0,0,1,1,0.800000011920929,0.6000000238418579,256,1,1,0,0,0,0,0,0,0,0,1],[0,4,\"\",1.2999999523162842,0.40000009536743166,0.7000000476837158,-21.26464080810547,3.61545467376709,1416.638916015625,0.2588643431663513,0.965913712978363,0,-0.965913712978363,0.2588643431663513,-0,-0,0,1,0.38823530077934267,0.37254902720451357,0.3843137323856354,256,1,1,0,0,0,0,0,0,0,0,1],[0,4,\"\",1,1.7999999523162842,1,-20.04285430908203,1.4000000953674317,1415.68896484375,1,0,0,0,1,0,0,0,1,0,0.125490203499794,0.3764705955982208,256,1,1,0,0,0,0,0,0,0,0,1],[0,4,\"\",1,2,2,-20.04285430908203,3.3000001907348635,1415.18896484375,1,0,0,0,1,0,0,0,1,0.38823530077934267,0.37254902720451357,0.3843137323856354,256,1,1,0,0,0,0,0,0,0,0,1]]}","version":1}